"","Taxon","Genus","Species","Hybrid","Subspecies","Variety","Form","Matched.Taxon"
"1","Acer glabrum","Acer","glabrum","","","","","Acer glabrum var. douglasii"
"2","Achillea millefolium","Achillea","millefolium","","","","","Achillea millefolium complex"
"3","Achillea millefolium borealis","Achillea","millefolium","","","borealis","","Achillea millefolium complex"
"4","Achillea millefolium californica","Achillea","millefolium","","","californica","","Achillea millefolium complex"
"5","Adiantum aleuticum","Adiantum","aleuticum","","","","","Adiantum aleuticum var. aleuticum"
"6","Adiantum aleuticum aleuticum","Adiantum","aleuticum","","","aleuticum","","Adiantum aleuticum var. aleuticum"
"7","Agoseris grandiflora","Agoseris","grandiflora","","","","","Agoseris grandiflora var. leptophylla"
"8","Agoseris grandiflora leptophylla","Agoseris","grandiflora","","","leptophylla","","Agoseris grandiflora var. leptophylla"
"9","Agoseris heterophylla","Agoseris","heterophylla","","","","","Agoseris heterophylla ssp. heterophylla"
"10","Agoseris heterophylla heterophylla","Agoseris","heterophylla","","heterophylla","","","Agoseris heterophylla ssp. heterophylla"
"11","Agropyron repens","Agropyron","repens","","","","","Elymus repens"
"12","Amelanchier alnifolia semiintegrifolia","Amelanchier","alnifolia","","","semiintegrifolia","","Amelanchier alnifolia"
"13","Amsinckia retrorsa","Amsinckia","retrorsa","","","","","Amsinckia menziesii"
"14","Anthoxanthum aristatum","Anthoxanthum","aristatum","","","","","Anthoxanthum aristatum spp. aristatum"
"15","Anthoxanthum aristatum aristatum","Anthoxanthum","aristatum","","aristatum","","","Anthoxanthum aristatum spp. aristatum"
"16","Aquilegia formosa","Aquilegia","formosa","","","","","Aquilegia formosa var. formosa"
"17","Aquilegia formosa formosa","Aquilegia","formosa","","","formosa","","Aquilegia formosa var. formosa"
"18","Arenaria serpyllifolia","Arenaria","serpyllifolia","","","","","Arenaria serpyllifolia var. serpyllifolia"
"19","Argentina pacifica","Argentina","pacifica","","","","","Argentina anserina"
"20","Arrhenatherum elatius","Arrhenatherum","elatius","","","","","Arrhenatherum elatius ssp. elatius"
"21","Artemisia campestris","Artemisia","campestris","","","","","Artemisia campestris ssp. pacifica"
"22","Asplenium trichomanes","Asplenium","trichomanes","","","","","Asplenium trichomanes ssp. trichomanes"
"23","Aster chilensis","Aster","chilensis","","","","","Symphyotrichum chilense"
"24","Athyrium filix-femina","Athyrium","filix-femina","","","","","Athyrium filix-femina ssp. cyclosorum"
"25","Blechnum spicant","Blechnum","spicant","","","","","Struthiopteris spicant"
"26","Botrychium silaifolium","Botrychium","silaifolium","","","","","Sceptridium multifidum"
"27","Brodiaea coronaria coronaria","Brodiaea","coronaria","","coronaria","","","Brodiaea coronaria"
"28","Bromus carinatus","Bromus","carinatus","","","","","Bromus carinatus var. carinatus"
"29","Bromus carinatus carinatus","Bromus","carinatus","","","carinatus","","Bromus carinatus var. carinatus"
"30","Bromus rigidus","Bromus","rigidus","","","","","Bromus diandrus"
"31","Cakile edentula","Cakile","edentula","","","","","Cakile edentula var. edentula"
"32","Cakile edentula edentula","Cakile","edentula","","","edentula","","Cakile edentula var. edentula"
"33","Cakile maritima","Cakile","maritima","","","","","Cakile maritima ssp. maritima"
"34","Cakile maritima maritima","Cakile","maritima","","maritima","","","Cakile maritima ssp. maritima"
"35","Calandrinia menziesii","Calandrinia","menziesii","","","","","Calandrinia ciliata"
"36","Callitriche heterophylla","Callitriche","heterophylla","","","","","Callitriche heterophylla var. bolanderi"
"37","Callitriche heterophylla bolanderi","Callitriche","heterophylla","","","bolanderi","","Callitriche heterophylla var. bolanderi"
"38","Calypso bulbosa","Calypso","bulbosa","","","","","Calypso bulbosa var. occidentalis"
"39","Calypso bulbosa occidentalis","Calypso","bulbosa","","","occidentalis","","Calypso bulbosa var. occidentalis"
"40","Camassia leichtlinii","Camassia","leichtlinii","","","","","Camassia leichtlinii ssp. suksdorfii"
"41","Camassia leichtlinii suksdorfii","Camassia","leichtlinii","","suksdorfii","","","Camassia leichtlinii ssp. suksdorfii"
"42","Camassia quamash","Camassia","quamash","","","","","Camassia quamash ssp. quamash"
"43","Camassia quamash quamash","Camassia","quamash","","quamash","","","Camassia quamash ssp. quamash"
"44","Carex aquatilis","Carex","aquatilis","","","","","Carex aquatilis var. dives"
"45","Carex aquatilis dives","Carex","aquatilis","","","dives","","Carex aquatilis var. dives"
"46","Carex canescens","Carex","canescens","","","","","Carex canescens ssp. canescens"
"47","Carex echinata","Carex","echinata","","","","","Carex echinata ssp. echinata"
"48","Carex echinata echinata","Carex","echinata","","echinata","","","Carex echinata ssp. echinata"
"49","Carex garberi","Carex","garberi","","","","",""
"50","Carex inops","Carex","inops","","","","","Carex inops ssp. inops"
"51","Carex inops inops","Carex","inops","","","","","Carex inops ssp. inops"
"52","Carex lenticularis","Carex","lenticularis","","","","","Carex kelloggii var. limnophila"
"53","Carex sitchensis","Carex","sitchensis","","","","","Carex aquatilis var. dives"
"54","Carex viridula","Carex","viridula","","","","","Carex viridula ssp. viridula"
"55","Carex viridula viridula","Carex","viridula","","viridula","","","Carex viridula ssp. viridula"
"56","Castilleja hispida hispida","Castilleja","hispida","","","","","Castilleja hispida"
"57","Castilleja miniata","Castilleja","miniata","","","","","Castilleja miniata var. dixonii"
"58","Cerastium arvense","Cerastium","arvense","","","","","Cerastium arvense ssp. strictum"
"59","Cerastium fontanum","Cerastium","fontanum","","","","","Cerastium fontanum ssp. vulgare"
"60","Chimaphila umbellata","Chimaphila","umbellata","","","","","Chimaphila umbellata ssp. umbellata"
"61","Clarkia amoena","Clarkia","amoena","","","","","Clarkia amoena"
"62","Clarkia amoena caurina","Clarkia","amoena","","caurina","","","Clarkia amoena ssp. caurina"
"63","Clarkia amoena caurina","Clarkia","amoena","","","caurina","","Clarkia amoena ssp. caurina"
"64","Clarkia amoena lindleyi","Clarkia","amoena","","lindleyi","","","Clarkia amoena ssp. lindleyi"
"65","Clarkia amoena lindleyi","Clarkia","amoena","","","lindleyi","","Clarkia amoena ssp. lindleyi"
"66","Clarkia amoena var. caurina","Clarkia","amoena","","","caurina","","Clarkia amoena ssp. caurina"
"67","Claytonia exigua","Claytonia","exigua","","","","","Claytonia exigua ssp. exigua"
"68","Claytonia exigua exigua","Claytonia","exigua","","exigua","","","Claytonia exigua ssp. exigua"
"69","Claytonia rubra","Claytonia","rubra","","","","","Claytonia rubra ssp. depressa"
"70","Claytonia rubra depressa","Claytonia","rubra","","depressa","","","Claytonia rubra ssp. depressa"
"71","Corallorhiza maculata","Corallorhiza","maculata","","","","","Corallorhiza maculata var. occidentalis"
"72","Corallorhiza maculata occidentalis","Corallorhiza","maculata","","","occidentalis","","Corallorhiza maculata var. occidentalis"
"73","Corallorhiza striata","Corallorhiza","striata","","","","","Corallorhiza striata var. striata"
"74","Corallorhiza striata striata","Corallorhiza","striata","","","striata","","Corallorhiza striata var. striata"
"75","Cornus sericea","Cornus","sericea","","","","","Cornus sericea ssp. occidentalis"
"76","Cornus sericea occidentalis","Cornus","sericea","","occidentalis","","","Cornus sericea ssp. occidentalis"
"77","Corylus cornuta","Corylus","cornuta","","","","","Corylus cornuta ssp. californica"
"78","Corylus cornuta californica","Corylus","cornuta","","californica","","","Corylus cornuta ssp. californica"
"79","Cotoneaster coriaceus","Cotoneaster","coriaceus","","","","","Cotoneaster lacteus"
"80","Cotoneaster lacteus","Cotoneaster","lacteus","","","","","Cotoneaster lacteus"
"81","Crataegus monogyna","Crataegus","monogyna","","","","","Crataegus monogyna var. monogyna"
"82","Crataegus monogyna monogyna","Crataegus","monogyna","","","monogyna","","Crataegus monogyna var. monogyna"
"83","Cuscuta pacifica","Cuscuta","pacifica","","","","","Cuscuta pacifica var. pacifica"
"84","Danthonia decumbens x californica","Danthonia","decumbens","Danthonia decumbens x californica","","","","Danthonia decumbens"
"85","Dodecatheon pulchellum","Dodecatheon","pulchellum","","","","","Primula pauciflora var. pauciflora"
"86","Elymus glaucus","Elymus","glaucus","","","","","Elymus glaucus ssp. glaucus"
"87","Elymus glaucus glaucus","Elymus","glaucus","","glaucus","","","Elymus glaucus ssp. glaucus"
"88","Epilobium angustifolium","Epilobium","angustifolium","","","","","Chamaenerion angustifolium"
"89","Equisetum hyemale","Equisetum","hyemale","","","","","Equisetum hyemale ssp. affine"
"90","Equisetum hyemale affine","Equisetum","hyemale","","affine","","","Equisetum hyemale ssp. affine"
"91","Equisetum telmateia","Equisetum","telmateia","","","","","Equisetum telmateia ssp. braunii"
"92","Equisetum telmateia braunii","Equisetum","telmateia","","braunii","","","Equisetum telmateia ssp. braunii"
"93","Eriophorum angustifolium","Eriophorum","angustifolium","","","","","Eriophorum gracile"
"94","Eriophyllum lanatum","Eriophyllum","lanatum","","","","","Eriophyllum lanatum var. leucophyllum"
"95","Eriophyllum lanatum integrifolium","Eriophyllum","lanatum","","","integrifolium","","Eriophyllum lanatum var. leucophyllum"
"96","Eriophyllum lanatum leucophyllum","Eriophyllum","lanatum","","","leucophyllum","","Eriophyllum lanatum var. leucophyllum"
"97","Erodium cicutarium","Erodium","cicutarium","","","","","Erodium cicutarium ssp. cicutarium"
"98","Erodium cicutarium cicutarium","Erodium","cicutarium","","cicutarium","","","Erodium cicutarium ssp. cicutarium"
"99","Erythranthe guttata","Erythranthe","guttata","","","","","Erythranthe cf guttata"
"100","Festuca microstachys","Festuca","microstachys","","","","","Festuca microstachys var. pauciflora"
"101","Festuca microstachys pauciflora","Festuca","microstachys","","","pauciflora","","Festuca microstachys var. pauciflora"
"102","Festuca roemeri","Festuca","roemeri","","","","","Festuca roemeri var. roemeri"
"103","Festuca roemeri roemeri","Festuca","roemeri","","","roemeri","","Festuca roemeri var. roemeri"
"104","Festuca rubra","Festuca","rubra","","","","","Festuca rubra ssp. pruinosa"
"105","Festuca rubra","Festuca","rubra","","","","","Festuca rubra ssp. rubra"
"106","Festuca rubra aucta","Festuca","rubra","","aucta","","","Festuca rubra ssp. rubra"
"107","Festuca rubra pruinosa","Festuca","rubra","","pruinosa","","","Festuca rubra ssp. pruinosa"
"108","Festuca rubra pruinosa","Festuca","rubra","","pruinosa","","","Festuca rubra ssp. pruinosa"
"109","Festuca rubra rubra","Festuca","rubra","","rubra","","","Festuca rubra ssp. rubra"
"110","Festuca rubra ssp. aucta","Festuca","rubra","","aucta","","","Festuca rubra ssp. rubra"
"111","Filago vulgaris","Filago","vulgaris","","","","","Filago germanica"
"112","Fragaria vesca","Fragaria","vesca","","","","","Fragaria vesca ssp. bracteata"
"113","Fragaria vesca bracteata","Fragaria","vesca","","bracteata","","","Fragaria vesca ssp. bracteata"
"114","Fritillaria affinis affinis","Fritillaria","affinis","","","","","Fritillaria affinis"
"115","Geum macrophyllum macrophyllum","Geum","macrophyllum","","","macrophyllum","","Geum macrophyllum"
"116","Grindelia hirsutula","Grindelia","hirsutula","","","","","Grindelia hirsutula var. hirsutula"
"117","Grindelia hirsutula","Grindelia","hirsutula","","","hirsutula","","Grindelia hirsutula var. hirsutula"
"118","Grindelia integrifolia","Grindelia","integrifolia","","","","","Grindelia stricta"
"119","Heuchera micrantha","Heuchera","micrantha","","","","","Heuchera micrantha var. diversifolia"
"120","Heuchera micrantha diversifolia","Heuchera","micrantha","","","diversifolia","","Heuchera micrantha var. diversifolia"
"121","Holodiscus discolor","Holodiscus","discolor","","","","","Holodiscus discolor var. discolor"
"122","Holodiscus discolor discolor","Holodiscus","discolor","","","discolor","","Holodiscus discolor var. discolor"
"123","Hordeum brachyantherum","Hordeum","brachyantherum","","","","","Hordeum brachyantherum ssp. brachyantherum"
"124","Hordeum brachyantherum brachyantherum","Hordeum","brachyantherum","","brachyantherum","","","Hordeum brachyantherum ssp. brachyantherum"
"125","Hordeum murinum","Hordeum","murinum","","","","","Hordeum murinum ssp. murinum"
"126","Hordeum murinum murinum","Hordeum","murinum","","murinum","","","Hordeum murinum ssp. murinum"
"127","Juncus arcticus","Juncus","arcticus","","","","","Juncus arcticus ssp. alaskanus"
"128","Juncus arcticus alaskanus","Juncus","arcticus","","alaskanus","","","Juncus arcticus ssp. alaskanus"
"129","Juncus bufonius","Juncus","bufonius","","","","","Juncus bufonius var. bufonius"
"130","Juncus bufonius bufonius","Juncus","bufonius","","","bufonius","","Juncus bufonius var. bufonius"
"131","Juncus effusus effusus","Juncus","effusus","","effusus","","","Juncus effusus ssp. effusus"
"132","Kalmia microphylla","Kalmia","microphylla","","","","","Kalmia microphylla var. occidentalis"
"133","Kalmia microphylla occidentalis","Kalmia","microphylla","","","occidentalis","","Kalmia microphylla var. occidentalis"
"134","Kalmia polifolia","Kalmia","polifolia","","","","","Kalmia microphylla var. occidentalis"
"135","Kalmia polifolia ssp. microphylla","Kalmia","polifolia","","microphylla","","","Kalmia microphylla var. occidentalis"
"136","Lactuca muralis","Lactuca","muralis","","","","","Mycelis muralis"
"137","Lamium hybridum","Lamium","hybridum","","","","","Lamium purpureum var. hybridum"
"138","Lamium purpureum purpureum","Lamium","purpureum","","","purpureum","","Lamium purpureum"
"139","Lathyrus nevadensis","Lathyrus","nevadensis","","","","","Lathyrus nevadensis var. pilosellus"
"140","Lathyrus nevadensis pilosellus","Lathyrus","nevadensis","","","pilosellus","","Lathyrus nevadensis var. pilosellus"
"141","Ledum groenlandicum","Ledum","groenlandicum","","","","","Rhododendron groenlandicum"
"142","Lemna minor","Lemna","minor","","","","","Lemna minuta"
"143","Leontodon saxatilis","Leontodon","saxatilis","","","","","Leontodon saxatilis ssp. saxatilis"
"144","Leontodon saxatilis saxatilis","Leontodon","saxatilis","","saxatilis","","","Leontodon saxatilis ssp. saxatilis"
"145","Lepidium virginicum","Lepidium","virginicum","","","","","Lepidium virginicum ssp. menziesii"
"146","Leptosiphon bicolor","Leptosiphon","bicolor","","","","","Leptosiphon minimus"
"147","Leptosiphon bicolor","Leptosiphon","bicolor","","","","","Leptosiphon minimus"
"148","Leymus mollis","Leymus","mollis","","","","","Leymus mollis ssp. mollis"
"149","Leymus mollis mollis","Leymus","mollis","","mollis","","","Leymus mollis ssp. mollis"
"150","Linnaea borealis","Linnaea","borealis","","","","","Linnaea borealis ssp. longiflora"
"151","Linnaea borealis longiflora","Linnaea","borealis","","longiflora","","","Linnaea borealis ssp. longiflora"
"152","Linnaea borealis longiflora","Linnaea","borealis","","","longiflora","","Linnaea borealis ssp. longiflora"
"153","Lotus micranthus","Lotus","micranthus","","","","","Acmispon parviflorus"
"154","Luzula multiflora","Luzula","multiflora","","","","","Luzula multiflora ssp. multiflora"
"155","Luzula multiflora multiflora","Luzula","multiflora","","multiflora","","","Luzula multiflora ssp. multiflora"
"156","Lychnis coronaria","Lychnis","coronaria","","","","","Silene coronaria"
"157","Lysichiton americanum","Lysichiton","americanum","","","","","Lysichiton americanus"
"158","Lysimachia europaea","Lysimachia","europaea","","","","","Lysimachia europaea ssp. arctica"
"159","Lysimachia europaea arctica","Lysimachia","europaea","","arctica","","","Lysimachia europaea ssp. arctica"
"160","Mahonia nervosa","Mahonia","nervosa","","","","","Berberis nervosa"
"161","Malus domestica","Malus","domestica","","","","","Malus pumila"
"162","Malus x domestica","Malus","","Malus x domestica","Malus x domestica","","","Malus domestica"
"163","Malus x_domestica","Malus","","Malus x domestica","","","","Malus domestica"
"164","Mentha arvensis","Mentha","arvensis","","","","","Mentha canadensis"
"165","Mimulus moschatus","Mimulus","moschatus","","","","","Erythranthe moschata"
"166","Myriophyllum","Myriophyllum","","","","","","Myriophyllum sp."
"167","Myriophyllum ","Myriophyllum ","","","","","","Myriophyllum sp."
"168","Myriophyllum verticillatum","Myriophyllum","verticillatum","","","","","Myriophyllum sp."
"169","Nasturtium microphyllum","Nasturtium","microphyllum","","","","","Nasturtium officinale"
"170","Nuphar polysepalum","Nuphar","polysepalum","","","","","Nuphar polysepala"
"171","Pentagramma triangularis","Pentagramma","triangularis","","","","","Pentagramma triangularis ssp. triangularis"
"172","Pentagramma triangularis triangularis","Pentagramma","triangularis","","triangularis","","","Pentagramma triangularis ssp. triangularis"
"173","Perideridia gairdneri","Perideridia","gairdneri","","","","","Perideridia montana"
"174","Phlox gracilis","Phlox","gracilis","","","","","Microsteris gracilis"
"175","Phragmites communis","Phragmites","communis","","","","","Phragmites australis ssp. americanus"
"176","Pinus contorta","Pinus","contorta","","","","","Pinus contorta ssp. contorta"
"177","Pinus contorta contorta","Pinus","contorta","","contorta","","","Pinus contorta ssp. contorta"
"178","Pinus contorta contorta","Pinus","contorta","","","contorta","","Pinus contorta ssp. contorta"
"179","Pinus contorta var. contorta","Pinus","contorta","","","contorta","","Pinus contorta ssp. contorta"
"180","Pinus ponderosa","Pinus","ponderosa","","","","","Pinus ponderosa var. ponderosa"
"181","Pinus ponderosa ponderosa","Pinus","ponderosa","","","ponderosa","","Pinus ponderosa var. ponderosa"
"182","Piperia elegans","Piperia","elegans","","","","","Platanthera elongata"
"183","Piperia unalascensis","Piperia","unalascensis","","","","","Platanthera unalascensis"
"184","Plantago maritima juncoides","Plantago","maritima","","juncoides","","","Plantago maritima"
"185","Plectritis brachystemon","Plectritis","brachystemon","","","","","Plectritis congesta ssp. brachystemon"
"186","Plectritis congesta","Plectritis","congesta","","","","","Plectritis congesta ssp. congesta"
"187","Plectritis congesta brachystemon","Plectritis","congesta","","brachystemon","","","Plectritis congesta ssp. congesta"
"188","Plectritis congesta congesta","Plectritis","congesta","","congesta","","","Plectritis congesta ssp. congesta"
"189","Poa bulbosa vivipara","Poa","bulbosa","","","","vivipara","Poa bulbosa"
"190","Poa secunda","Poa","secunda","","","","","Poa secunda"
"191","Poa secunda secunda","Poa","secunda","","secunda","","","Poa secunda"
"192","Poa secunda ssp. secunda","Poa","secunda","","secunda","","","Poa secunda"
"193","Polygonum amphibium","Polygonum","amphibium","","","","","Persicaria amphibia"
"194","Potentilla egedii","Potentilla","egedii","","","","","Argentina anserina"
"195","Potentilla palustris","Potentilla","palustris","","","","","Comarum palustre"
"196","Prunella vulgaris","Prunella","vulgaris","","","","","Prunella vulgaris var. vulgaris"
"197","Prunella vulgaris vulgaris","Prunella","vulgaris","","vulgaris","","","Prunella vulgaris var. vulgaris"
"198","Prunus emarginata","Prunus","emarginata","","","","","Prunus emarginata var. emarginata"
"199","Prunus emarginata emarginata","Prunus","emarginata","","","emarginata","","Prunus emarginata var. emarginata"
"200","Pseudotsuga menziesii","Pseudotsuga","menziesii","","","","","Pseudotsuga menziesii var. menziesii"
"201","Pseudotsuga menziesii menziesii","Pseudotsuga","menziesii","","","menziesii","","Pseudotsuga menziesii var. menziesii"
"202","Pseudotsuga menziesii ssp. menziesii","Pseudotsuga","menziesii","","menziesii","","","Pseudotsuga menziesii var. menziesii"
"203","Pteridium aquilinum","Pteridium","aquilinum","","","","","Pteridium aquilinum ssp. pubescens"
"204","Pteridium aquilinum pubescens","Pteridium","aquilinum","","","pubescens","","Pteridium aquilinum ssp. pubescens"
"205","Quercus garryana","Quercus","garryana","","","","","Quercus garryana var. garryana"
"206","Quercus garryana garryana","Quercus","garryana","","","garryana","","Quercus garryana var. garryana"
"207","Ranunculus flammula","Ranunculus","flammula","","","","","Ranunculus flammula var. reptans"
"208","Ranunculus flammula reptans","Ranunculus","flammula","","","reptans","","Ranunculus flammula var. reptans"
"209","Ranunculus occidentalis","Ranunculus","occidentalis","","","","","Ranunculus occidentalis var. occidentalis"
"210","Ranunculus occidentalis occidentalis","Ranunculus","occidentalis","","","occidentalis","","Ranunculus occidentalis var. occidentalis"
"211","Rhamnus purshiana","Rhamnus","purshiana","","","","","Frangula purshiana"
"212","Rhinanthus minor minor","Rhinanthus","minor","","minor","","","Rhinanthus minor"
"213","Rhinanthus minor ssp. minor","Rhinanthus","minor","","minor","","","Rhinanthus minor"
"214","Rhus diversiloba","Rhus","diversiloba","","","","","Toxicodendron diversilobum"
"215","Ribes divaricatum","Ribes","divaricatum","","","","","Ribes divaricatum var. divaricatum"
"216","Ribes divaricatum divaricatum","Ribes","divaricatum","","","divaricatum","","Ribes divaricatum var. divaricatum"
"217","Rorippa islandica","Rorippa","islandica","","","","","Rorippa palustris ssp. palustris"
"218","Rosa eglanteria","Rosa","eglanteria","","","","","Rosa rubiginosa"
"219","Rosa gymnocarpa gymnocarpa","Rosa","gymnocarpa","","","gymnocarpa","","Rosa gymnocarpa"
"220","Rosa nutkana","Rosa","nutkana","","","","","Rosa nutkana ssp. nutkana"
"221","Rosa nutkana nutkana","Rosa","nutkana","","nutkana","","","Rosa nutkana ssp. nutkana"
"222","Rubus armeniacus","Rubus","armeniacus","","","","","Rubus bifrons"
"223","Rubus discolor","Rubus","discolor","","","","","Rubus bifrons"
"224","Rubus spectabilis spectabilis","Rubus","spectabilis","","","spectabilis","","Rubus spectabilis"
"225","Rumex salicifolius","Rumex","salicifolius","","","","","Rumex transitorius"
"226","Sagina decumbens","Sagina","decumbens","","","","","Sagina decumbens ssp. occidentalis"
"227","Salicornia pacifica","Salicornia","pacifica","","","","","Salicornia pacifica"
"228","Salicornia perennis","Salicornia","perennis","","","","","Salicornia pacifica"
"229","Salix lasiandra","Salix","lasiandra","","","","","Salix lasiandra var. lasiandra"
"230","Salix lasiandra lasiandra","Salix","lasiandra","","","lasiandra","","Salix lasiandra var. lasiandra"
"231","Sambucus racemosa","Sambucus","racemosa","","","","","Sambucus racemosa var. arborescens"
"232","Sambucus racemosa arborescens","Sambucus","racemosa","","","arborescens","","Sambucus racemosa var. arborescens"
"233","Sambucus racemosa racemosa","Sambucus","racemosa","","racemosa","","","Sambucus racemosa var. arborescens"
"234","Sambucus racemosa ssp. pubens","Sambucus","racemosa","","pubens","","","Sambucus racemosa var. arborescens"
"235","Sanicula crassicaulis","Sanicula","crassicaulis","","","","","Sanicula crassicaulis var. crassicaulis"
"236","Sanicula crassicaulis crassicaulis","Sanicula","crassicaulis","","","crassicaulis","","Sanicula crassicaulis var. crassicaulis"
"237","Sanicula crassicaulis tripartita","Sanicula","crassicaulis","","","tripartita","","Sanicula crassicaulis var. tripartita"
"238","Scirpus validus","Scirpus","validus","","","","","Schoenoplectus acutus"
"239","Sedum lanceolatum","Sedum","lanceolatum","","","","","Sedum lanceolatum var. nesioticum"
"240","Sedum lanceolatum nesioticum","Sedum","lanceolatum","","nesioticum","","","Sedum lanceolatum var. nesioticum"
"241","Sedum lanceolatum nesioticum","Sedum","lanceolatum","","","nesioticum","","Sedum lanceolatum var. nesioticum"
"242","Sedum rupestre","Sedum","rupestre","","","","","Petrosedum rupestre"
"243","Senecio jacobaea","Senecio","jacobaea","","","","","Jacobaea vulgaris"
"244","Sisyrinchium idahoense","Sisyrinchium","idahoense","","","","","Sisyrinchium idahoense var. idahoense"
"245","Sisyrinchium idahoense idahoense","Sisyrinchium","idahoense","","","idahoense","","Sisyrinchium idahoense var. idahoense"
"246","Sonchus arvensis","Sonchus","arvensis","","","","","Sonchus arvensis ssp. arvensis"
"247","Sonchus arvensis arvensis","Sonchus","arvensis","","arvensis","","","Sonchus arvensis ssp. arvensis"
"248","Spergularia canadensis","Spergularia","canadensis","","","","","Spergularia canadensis var. occidentalis"
"249","Spergularia macrotheca","Spergularia","macrotheca","","","","","Spergularia macrotheca var. macrotheca"
"250","Spergularia macrotheca macrotheca","Spergularia","macrotheca","","","macrotheca","","Spergularia macrotheca var. macrotheca"
"251","Spergularia salina","Spergularia","salina","","","","","Spergularia marina"
"252","Spiraea douglasii","Spiraea","douglasii","","","","","Spiraea douglasii var. douglasii"
"253","Spiraea douglasii douglasii","Spiraea","douglasii","","","douglasii","","Spiraea douglasii var. douglasii"
"254","Spirea douglasii spp. douglasii","Spirea","douglasii","","douglasii","","","Spiraea douglasii var. douglasii"
"255","Stachys chamissonis","Stachys","chamissonis","","","","","Stachys chamissonis var. cooleyae"
"256","Stachys chamissonis cooleyae","Stachys","chamissonis","","","cooleyae","","Stachys chamissonis var. cooleyae"
"257","Stachys cooleyae","Stachys","cooleyae","","","","","Stachys chamissonis var. cooleyae"
"258","Stellaria borealis","Stellaria","borealis","","","","","Stellaria borealis ssp. sitchana"
"259","Stellaria borealis sitchana","Stellaria","borealis","","sitchana","","","Stellaria borealis ssp. sitchana"
"260","Stellaria borealis sitchana","Stellaria","borealis","","","sitchana","","Stellaria borealis ssp. sitchana"
"261","Stipa lemmonnii","Stipa","lemmonnii","","","","","Eriocoma lemmonii"
"262","Symphoricarpos albus","Symphoricarpos","albus","","","","","Symphoricarpos albus var. laevigatus"
"263","Symphoricarpos albus albus","Symphoricarpos","albus","","albus","","","Symphoricarpos albus var. laevigatus"
"264","Symphoricarpos mollis hesperius","Symphoricarpos","mollis","","","hesperius","","Symphoricarpos mollis"
"265","Taraxacum officinale","Taraxacum","officinale","","","","","Taraxacum officinale agg."
"266","Tiarella trifoliata","Tiarella","trifoliata","","","","","Tiarella trifoliata var. trifoliata"
"267","Tiarella trifoliata trifoliata","Tiarella","trifoliata","","","trifoliata","","Tiarella trifoliata var. trifoliata"
"268","Torreyochloa pallida pauciflora","Torreyochloa","pallida","","","pauciflora","","Torreyochloa pauciflora"
"269","Trientalis arctica","Trientalis","arctica","","","","","Lysimachia europaea ssp. arctica"
"270","Trifolium glomerata","Trifolium","glomerata","","","","","Trifolium glomeratum"
"271","Trifolium oligathum","Trifolium","oligathum","","","","","Trifolium oliganthum"
"272","Trifolium procumbens","Trifolium","procumbens","","","","","Trifolium campestre"
"273","Trifolium willdenowii","Trifolium","willdenowii","","","","","Trifolium willdenovii"
"274","Utricularia vulgaris","Utricularia","vulgaris","","","","","Utricularia vulgaris ssp. macrorhiza"
"275","Vaccinium oxycoccus","Vaccinium","oxycoccus","","","","","Vaccinium oxycoccos"
"276","Veronica beccabunga","Veronica","beccabunga","","","","","Veronica americana"
"277","Veronica beccabunga ssp. americana","Veronica","beccabunga","","americana","","","Veronica americana"
"278","Veronica peregrina","Veronica","peregrina","","","peregrina","","Veronica peregrina var. peregrina"
"279","Veronica peregrina peregrina","Veronica","peregrina","","peregrina","","","Veronica peregrina var. peregrina"
"280","Veronica serpyllifolia serpyllifolia","Veronica","serpyllifolia","","serpyllifolia","","","Veronica serpyllifolia"
"281","Vicia gigantea","Vicia","gigantea","","","","","Vicia nigricans var. gigantea"
"282","Vicia nigricans gigantea","Vicia","nigricans","","","gigantea","","Vicia nigricans var. gigantea"
"283","Vicia villosa","Vicia","villosa","","","","","Vicia villosa var. villosa"
"284","Vicia villosa villosa","Vicia","villosa","","","villosa","","Vicia villosa var. villosa"
"285","Vulpia bromoides","Vulpia","bromoides","","","","","Festuca bromoides"
"286","Yabaea microcarpa","Yabaea","microcarpa","","","","","Yabea microcarpa"
"287","Zygadenus venenosus","Zygadenus","venenosus","","","","","Toxicoscordion venenosum"
"288","Lomatium grayi var. grayi","Lomatium","grayi",NA,NA,NA,NA,NA
