"","iNaturalist.taxon.name","iNaturalist.taxon.ID","Taxon.name","Author","Kingdom","Phylum","Subphylum","Superclass","Class","Subclass","Superorder","Order","Suborder","Infraorder","Superfamily","Family","Subfamily","Tribe","Genus","Species","observationId","Latitude","Longitude","Date.observed","Description","Common.name","Recorded.by","Captive.Cultivated","Quality.grade","coordinateUncertaintyInMeters"
"1","Caloscypha fulgens",153035,"Caloscypha fulgens",NA,"Fungi","Ascomycota","Pezizomycotina",NA,"Pezizomycetes","",NA,"Pezizales",NA,NA,NA,"Caloscyphaceae","","","Caloscypha","fulgens","iNat:3184574",49.415339,-123.207201,"2016-05-15",NA,NA,"Riley Pollom","false","research",16
"2","Chlorociboria",54595,"Chlorociboria",NA,"Fungi","Ascomycota","Pezizomycotina",NA,"Leotiomycetes","",NA,"Helotiales",NA,NA,NA,"Chlorociboriaceae","","","Chlorociboria","","iNat:5971851",49.670636,-123.130367,"2014-10-07",NA,NA,"judith holm","false","research",42
"3","Xylaria hypoxylon",55267,"Xylaria hypoxylon",NA,"Fungi","Ascomycota","Pezizomycotina",NA,"Sordariomycetes","Xylariomycetidae",NA,"Xylariales",NA,NA,NA,"Xylariaceae","","","Xylaria","hypoxylon","iNat:5972207",49.708624,-123.116784,"2014-11-09",NA,NA,"judith holm","false","research",85
"4","Scutellinia scutellata",49137,"Scutellinia scutellata",NA,"Fungi","Ascomycota","Pezizomycotina",NA,"Pezizomycetes","",NA,"Pezizales",NA,NA,NA,"Pyronemataceae","","","Scutellinia","scutellata","iNat:6417401",49.37037,-123.255363,"2017-05-28",NA,NA,"Rita Clare","false","research",NA
"5","Hypomyces lactifluorum",48215,"Hypomyces lactifluorum",NA,"Fungi","Ascomycota","Pezizomycotina",NA,"Sordariomycetes","Hypocreomycetidae",NA,"Hypocreales",NA,NA,NA,"Hypocreaceae","","","Hypomyces","lactifluorum","iNat:8301711",49.6721,-123.158898,"2017-10-07",NA,NA,"","false","research",10
"6","Aleuria aurantia",48716,"Aleuria aurantia",NA,"Fungi","Ascomycota","Pezizomycotina",NA,"Pezizomycetes","",NA,"Pezizales",NA,NA,NA,"Pyronemataceae","","","Aleuria","aurantia","iNat:8603166",49.769478,-123.107101,"2017-10-26",NA,NA,"","false","research",4128
"7","Rhytisma punctatum",333838,"Rhytisma punctatum",NA,"Fungi","Ascomycota","Pezizomycotina",NA,"Leotiomycetes","",NA,"Rhytismatales",NA,NA,NA,"Rhytismataceae","","","Rhytisma","punctatum","iNat:9505581",49.409236,-123.462896,"2015-09-03",NA,NA,"Else Mikkelsen","false","research",172
"8","Hypomyces lactifluorum",48215,"Hypomyces lactifluorum",NA,"Fungi","Ascomycota","Pezizomycotina",NA,"Sordariomycetes","Hypocreomycetidae",NA,"Hypocreales",NA,NA,NA,"Hypocreaceae","","","Hypomyces","lactifluorum","iNat:9593018",49.785975,-123.108566,"2014-10-19",NA,NA,"","false","research",85
"9","Rhytisma punctatum",333838,"Rhytisma punctatum",NA,"Fungi","Ascomycota","Pezizomycotina",NA,"Leotiomycetes","",NA,"Rhytismatales",NA,NA,NA,"Rhytismataceae","","","Rhytisma","punctatum","iNat:10279497",49.408156,-123.461266,"2015-04-04",NA,NA,"Else Mikkelsen","false","research",691
"10","Verpa bohemica",126131,"Verpa bohemica",NA,"Fungi","Ascomycota","Pezizomycotina",NA,"Pezizomycetes","",NA,"Pezizales",NA,NA,NA,"Morchellaceae","","","Verpa","bohemica","iNat:10758820",49.730513,-123.134696,"2018-04-10",NA,NA,"","false","research",NA
"11","Xylaria hypoxylon",55267,"Xylaria hypoxylon",NA,"Fungi","Ascomycota","Pezizomycotina",NA,"Sordariomycetes","Xylariomycetidae",NA,"Xylariales",NA,NA,NA,"Xylariaceae","","","Xylaria","hypoxylon","iNat:17086935",49.392287,-123.35835,"2018-09-30",NA,NA,"Ben Keen","false","research",5
"12","Xylaria hypoxylon",55267,"Xylaria hypoxylon",NA,"Fungi","Ascomycota","Pezizomycotina",NA,"Sordariomycetes","Xylariomycetidae",NA,"Xylariales",NA,NA,NA,"Xylariaceae","","","Xylaria","hypoxylon","iNat:17166323",49.91587,-123.085815,"2018-09-20",NA,NA,"","false","research",1104
"13","Aleuria aurantia",48716,"Aleuria aurantia",NA,"Fungi","Ascomycota","Pezizomycotina",NA,"Pezizomycetes","",NA,"Pezizales",NA,NA,NA,"Pyronemataceae","","","Aleuria","aurantia","iNat:17732187",49.77853,-123.124642,"2018-10-21",NA,NA,"","false","research",16
"14","Aleuria aurantia",48716,"Aleuria aurantia",NA,"Fungi","Ascomycota","Pezizomycotina",NA,"Pezizomycetes","",NA,"Pezizales",NA,NA,NA,"Pyronemataceae","","","Aleuria","aurantia","iNat:17976043",49.76751,-123.160902,"2018-10-30",NA,NA,"","false","research",12
"15","Hypomyces lactifluorum",48215,"Hypomyces lactifluorum",NA,"Fungi","Ascomycota","Pezizomycotina",NA,"Sordariomycetes","Hypocreomycetidae",NA,"Hypocreales",NA,NA,NA,"Hypocreaceae","","","Hypomyces","lactifluorum","iNat:18003093",49.917279,-123.248189,"2018-10-09",NA,NA,"judith holm","false","research",5457
"16","Helvella vespertina",423950,"Helvella vespertina",NA,"Fungi","Ascomycota","Pezizomycotina",NA,"Pezizomycetes","",NA,"Pezizales",NA,NA,NA,"Helvellaceae","","","Helvella","vespertina","iNat:18036135",49.704664,-123.135237,"2018-11-02",NA,NA,"judith holm","false","research",10
"17","Xylaria hypoxylon",55267,"Xylaria hypoxylon",NA,"Fungi","Ascomycota","Pezizomycotina",NA,"Sordariomycetes","Xylariomycetidae",NA,"Xylariales",NA,NA,NA,"Xylariaceae","","","Xylaria","hypoxylon","iNat:18102224",49.397826,-123.355973,"2018-11-04",NA,NA,"Ben Keen","false","research",5
"18","Xylaria hypoxylon",55267,"Xylaria hypoxylon",NA,"Fungi","Ascomycota","Pezizomycotina",NA,"Sordariomycetes","Xylariomycetidae",NA,"Xylariales",NA,NA,NA,"Xylariaceae","","","Xylaria","hypoxylon","iNat:18147054",49.340953,-123.267678,"2018-11-05",NA,NA,"Derek Killby","false","research",7
"19","Ascocoryne sarcoides",49075,"Ascocoryne sarcoides",NA,"Fungi","Ascomycota","Pezizomycotina",NA,"Leotiomycetes","",NA,"Helotiales",NA,NA,NA,"Gelatinodiscaceae","","","Ascocoryne","sarcoides","iNat:18306585",49.334267,-123.260816,"2018-11-04",NA,NA,"","false","research",542
"20","Xylaria hypoxylon",55267,"Xylaria hypoxylon",NA,"Fungi","Ascomycota","Pezizomycotina",NA,"Sordariomycetes","Xylariomycetidae",NA,"Xylariales",NA,NA,NA,"Xylariaceae","","","Xylaria","hypoxylon","iNat:18315435",49.394922,-123.359871,"2018-11-10",NA,NA,"Ben Keen","false","research",5
"21","Ascocoryne sarcoides",49075,"Ascocoryne sarcoides",NA,"Fungi","Ascomycota","Pezizomycotina",NA,"Leotiomycetes","",NA,"Helotiales",NA,NA,NA,"Gelatinodiscaceae","","","Ascocoryne","sarcoides","iNat:18442859",49.792451,-123.128564,"2018-11-12",NA,NA,"judith holm","false","research",171
"22","Xylaria hypoxylon",55267,"Xylaria hypoxylon",NA,"Fungi","Ascomycota","Pezizomycotina",NA,"Sordariomycetes","Xylariomycetidae",NA,"Xylariales",NA,NA,NA,"Xylariaceae","","","Xylaria","hypoxylon","iNat:18449736",49.792139,-123.128985,"2018-11-12",NA,NA,"judith holm","false","research",85
"23","Xylaria hypoxylon",55267,"Xylaria hypoxylon",NA,"Fungi","Ascomycota","Pezizomycotina",NA,"Sordariomycetes","Xylariomycetidae",NA,"Xylariales",NA,NA,NA,"Xylariaceae","","","Xylaria","hypoxylon","iNat:18487474",49.354729,-123.239246,"2018-11-18",NA,NA,"","false","research",32
"24","Aleuria aurantia",48716,"Aleuria aurantia",NA,"Fungi","Ascomycota","Pezizomycotina",NA,"Pezizomycetes","",NA,"Pezizales",NA,NA,NA,"Pyronemataceae","","","Aleuria","aurantia","iNat:18726327",49.737322,-123.100746,"2018-11-29",NA,NA,"Samantha Leigh","false","research",33
"25","Chlorociboria",54595,"Chlorociboria",NA,"Fungi","Ascomycota","Pezizomycotina",NA,"Leotiomycetes","",NA,"Helotiales",NA,NA,NA,"Chlorociboriaceae","","","Chlorociboria","","iNat:18770643",49.656836,-123.110409,"2018-12-01",NA,NA,"judith holm","false","research",172
"26","Xylaria hypoxylon",55267,"Xylaria hypoxylon",NA,"Fungi","Ascomycota","Pezizomycotina",NA,"Sordariomycetes","Xylariomycetidae",NA,"Xylariales",NA,NA,NA,"Xylariaceae","","","Xylaria","hypoxylon","iNat:19109582",49.340662,-123.26757,"2012-12-30",NA,NA,"Derek Killby","false","research",6
"27","Chlorociboria",54595,"Chlorociboria",NA,"Fungi","Ascomycota","Pezizomycotina",NA,"Leotiomycetes","",NA,"Helotiales",NA,NA,NA,"Chlorociboriaceae","","","Chlorociboria","","iNat:19238761",49.380772,-123.405828,"2018-12-26",NA,NA,"Ben Keen","false","research",10
"28","Helvella vespertina",423950,"Helvella vespertina",NA,"Fungi","Ascomycota","Pezizomycotina",NA,"Pezizomycetes","",NA,"Pezizales",NA,NA,NA,"Helvellaceae","","","Helvella","vespertina","iNat:19238782",49.379782,-123.407246,"2018-12-26",NA,NA,"Ben Keen","false","research",10
"29","Ascocoryne sarcoides",49075,"Ascocoryne sarcoides",NA,"Fungi","Ascomycota","Pezizomycotina",NA,"Leotiomycetes","",NA,"Helotiales",NA,NA,NA,"Gelatinodiscaceae","","","Ascocoryne","sarcoides","iNat:19297799",49.389046,-123.366812,"2018-12-29",NA,NA,"Ben Keen","false","research",10
"30","Calycina citrina",955949,"Calycina citrina",NA,"Fungi","Ascomycota","Pezizomycotina",NA,"Leotiomycetes","",NA,"Helotiales",NA,NA,NA,"Pezizellaceae","","","Calycina","citrina","iNat:19322182",49.715554,-123.107028,"2018-11-07",NA,NA,"judith holm","false","research",343
"31","Coccomyces tumidus",747608,"Coccomyces tumidus",NA,"Fungi","Ascomycota","Pezizomycotina",NA,"Leotiomycetes","",NA,"Rhytismatales",NA,NA,NA,"Rhytismataceae","","","Coccomyces","tumidus","iNat:21190885",49.340467,-123.26957,"2019-03-12",NA,NA,"Derek Killby","false","research",4
"32","Kretzschmaria deusta",128051,"Kretzschmaria deusta",NA,"Fungi","Ascomycota","Pezizomycotina",NA,"Sordariomycetes","Xylariomycetidae",NA,"Xylariales",NA,NA,NA,"Xylariaceae","","","Kretzschmaria","deusta","iNat:21858631",49.395006,-123.36036,"2019-03-31",NA,NA,"Ben Keen","false","research",30
"33","Nectria cinnabarina",118012,"Nectria cinnabarina",NA,"Fungi","Ascomycota","Pezizomycotina",NA,"Sordariomycetes","Hypocreomycetidae",NA,"Hypocreales",NA,NA,NA,"Nectriaceae","","","Nectria","cinnabarina","iNat:22489965",49.394579,-123.348812,"2019-04-14",NA,NA,"Ben Keen","false","research",10
"34","Kretzschmaria deusta",128051,"Kretzschmaria deusta",NA,"Fungi","Ascomycota","Pezizomycotina",NA,"Sordariomycetes","Xylariomycetidae",NA,"Xylariales",NA,NA,NA,"Xylariaceae","","","Kretzschmaria","deusta","iNat:22489991",49.394563,-123.349679,"2019-04-14",NA,NA,"Ben Keen","false","research",10
"35","Morchella importuna",487375,"Morchella importuna",NA,"Fungi","Ascomycota","Pezizomycotina",NA,"Pezizomycetes","",NA,"Pezizales",NA,NA,NA,"Morchellaceae","","","Morchella","importuna","iNat:22734908",49.401577,-123.512184,"2019-04-19",NA,NA,"","false","research",5
"36","Caloscypha fulgens",153035,"Caloscypha fulgens",NA,"Fungi","Ascomycota","Pezizomycotina",NA,"Pezizomycetes","",NA,"Pezizales",NA,NA,NA,"Caloscyphaceae","","","Caloscypha","fulgens","iNat:23208350",49.751667,-123.135559,"2019-04-23",NA,NA,"Samantha Leigh","false","research",NA
"37","Mitrula elegans",320702,"Mitrula elegans",NA,"Fungi","Ascomycota","Pezizomycotina",NA,"Leotiomycetes","",NA,"Helotiales",NA,NA,NA,"Mitrulaceae","","","Mitrula","elegans","iNat:27188985",49.39664,-123.204376,"2019-06-16",NA,NA,"Robby Deans","false","research",156
"38","Hypomyces lactifluorum",48215,"Hypomyces lactifluorum",NA,"Fungi","Ascomycota","Pezizomycotina",NA,"Sordariomycetes","Hypocreomycetidae",NA,"Hypocreales",NA,NA,NA,"Hypocreaceae","","","Hypomyces","lactifluorum","iNat:29726685",49.793288,-123.129783,"2019-07-27",NA,NA,"Stefanie Ney-Green","false","research",3306
"39","Hypomyces lactifluorum",48215,"Hypomyces lactifluorum",NA,"Fungi","Ascomycota","Pezizomycotina",NA,"Sordariomycetes","Hypocreomycetidae",NA,"Hypocreales",NA,NA,NA,"Hypocreaceae","","","Hypomyces","lactifluorum","iNat:30452753",49.769235,-123.121473,"2019-08-06",NA,NA,"","false","research",171
"40","Hypomyces lactifluorum",48215,"Hypomyces lactifluorum",NA,"Fungi","Ascomycota","Pezizomycotina",NA,"Sordariomycetes","Hypocreomycetidae",NA,"Hypocreales",NA,NA,NA,"Hypocreaceae","","","Hypomyces","lactifluorum","iNat:30921251",49.792335,-123.120449,"2019-08-15",NA,NA,"","false","research",20
"41","Hypomyces lactifluorum",48215,"Hypomyces lactifluorum",NA,"Fungi","Ascomycota","Pezizomycotina",NA,"Sordariomycetes","Hypocreomycetidae",NA,"Hypocreales",NA,NA,NA,"Hypocreaceae","","","Hypomyces","lactifluorum","iNat:31010677",49.397794,-123.358455,"2019-08-17",NA,NA,"Ben Keen","false","research",263
"42","Hypomyces lactifluorum",48215,"Hypomyces lactifluorum",NA,"Fungi","Ascomycota","Pezizomycotina",NA,"Sordariomycetes","Hypocreomycetidae",NA,"Hypocreales",NA,NA,NA,"Hypocreaceae","","","Hypomyces","lactifluorum","iNat:31434276",49.737031,-123.057035,"2019-08-18",NA,NA,"Tiffany Theden","false","research",10
"43","Hypomyces lactifluorum",48215,"Hypomyces lactifluorum",NA,"Fungi","Ascomycota","Pezizomycotina",NA,"Sordariomycetes","Hypocreomycetidae",NA,"Hypocreales",NA,NA,NA,"Hypocreaceae","","","Hypomyces","lactifluorum","iNat:31434849",49.733293,-123.065855,"2019-08-18",NA,NA,"Tiffany Theden","false","research",10
"44","Hypomyces lactifluorum",48215,"Hypomyces lactifluorum",NA,"Fungi","Ascomycota","Pezizomycotina",NA,"Sordariomycetes","Hypocreomycetidae",NA,"Hypocreales",NA,NA,NA,"Hypocreaceae","","","Hypomyces","lactifluorum","iNat:31435547",49.732575,-123.062906,"2019-08-19",NA,NA,"Tiffany Theden","false","research",10
"45","Hypomyces lactifluorum",48215,"Hypomyces lactifluorum",NA,"Fungi","Ascomycota","Pezizomycotina",NA,"Sordariomycetes","Hypocreomycetidae",NA,"Hypocreales",NA,NA,NA,"Hypocreaceae","","","Hypomyces","lactifluorum","iNat:32036544",49.706112,-123.112221,"2019-09-02",NA,NA,"","false","research",NA
"46","Gyromitra infula",117994,"Gyromitra infula",NA,"Fungi","Ascomycota","Pezizomycotina",NA,"Pezizomycetes","",NA,"Pezizales",NA,NA,NA,"Discinaceae","","","Gyromitra","infula","iNat:32119690",49.951172,-123.093903,"2019-08-24",NA,NA,"Geneviève Reynolds","false","research",48
"47","Plectania melastoma",344501,"Plectania melastoma",NA,"Fungi","Ascomycota","Pezizomycotina",NA,"Pezizomycetes","",NA,"Pezizales",NA,NA,NA,"Sarcosomataceae","","","Plectania","melastoma","iNat:32119702",49.949946,-123.089366,"2019-08-24",NA,NA,"Geneviève Reynolds","false","research",58
"48","Scutellinia",49138,"Scutellinia",NA,"Fungi","Ascomycota","Pezizomycotina",NA,"Pezizomycetes","",NA,"Pezizales",NA,NA,NA,"Pyronemataceae","","","Scutellinia","","iNat:32128053",49.945881,-123.065017,"2019-08-25",NA,NA,"Geneviève Reynolds","false","research",24
"49","Hypomyces lactifluorum",48215,"Hypomyces lactifluorum",NA,"Fungi","Ascomycota","Pezizomycotina",NA,"Sordariomycetes","Hypocreomycetidae",NA,"Hypocreales",NA,NA,NA,"Hypocreaceae","","","Hypomyces","lactifluorum","iNat:32307737",49.372487,-123.348593,"2019-09-07",NA,NA,"Nick Page","false","research",48
"50","Hypomyces lactifluorum",48215,"Hypomyces lactifluorum",NA,"Fungi","Ascomycota","Pezizomycotina",NA,"Sordariomycetes","Hypocreomycetidae",NA,"Hypocreales",NA,NA,NA,"Hypocreaceae","","","Hypomyces","lactifluorum","iNat:32796197",49.39955,-123.455044,"2019-07-12",NA,NA,"Tiny Tina","false","research",698
"51","Hypomyces lactifluorum",48215,"Hypomyces lactifluorum",NA,"Fungi","Ascomycota","Pezizomycotina",NA,"Sordariomycetes","Hypocreomycetidae",NA,"Hypocreales",NA,NA,NA,"Hypocreaceae","","","Hypomyces","lactifluorum","iNat:33246009",49.416583,-123.48458,"2019-09-18",NA,NA,"Nicola Rammell","false","research",3510
"52","Hypomyces lactifluorum",48215,"Hypomyces lactifluorum",NA,"Fungi","Ascomycota","Pezizomycotina",NA,"Sordariomycetes","Hypocreomycetidae",NA,"Hypocreales",NA,NA,NA,"Hypocreaceae","","","Hypomyces","lactifluorum","iNat:33350540",49.788341,-123.135875,"2019-09-24",NA,NA,"Chris Sullivan","false","research",12
"53","Calycina citrina",955949,"Calycina citrina",NA,"Fungi","Ascomycota","Pezizomycotina",NA,"Leotiomycetes","",NA,"Helotiales",NA,NA,NA,"Pezizellaceae","","","Calycina","citrina","iNat:33462951",49.391884,-123.371185,"2019-09-26",NA,NA,"Ben Keen","false","research",NA
"54","Hypomyces lactifluorum",48215,"Hypomyces lactifluorum",NA,"Fungi","Ascomycota","Pezizomycotina",NA,"Sordariomycetes","Hypocreomycetidae",NA,"Hypocreales",NA,NA,NA,"Hypocreaceae","","","Hypomyces","lactifluorum","iNat:33865990",49.721328,-123.087495,"2019-09-27",NA,NA,"Erin Galloway","false","research",16
"55","Aleuria aurantia",48716,"Aleuria aurantia",NA,"Fungi","Ascomycota","Pezizomycotina",NA,"Pezizomycetes","",NA,"Pezizales",NA,NA,NA,"Pyronemataceae","","","Aleuria","aurantia","iNat:33920435",49.388721,-123.367645,"2019-10-05",NA,NA,"Ben Keen","false","research",NA
"56","Xylaria polymorpha",58698,"Xylaria polymorpha",NA,"Fungi","Ascomycota","Pezizomycotina",NA,"Sordariomycetes","Xylariomycetidae",NA,"Xylariales",NA,NA,NA,"Xylariaceae","","","Xylaria","polymorpha","iNat:33930970",49.720066,-123.096047,"2019-10-05",NA,NA,"judith holm","false","research",31
"57","Helvella vespertina",423950,"Helvella vespertina",NA,"Fungi","Ascomycota","Pezizomycotina",NA,"Pezizomycetes","",NA,"Pezizales",NA,NA,NA,"Helvellaceae","","","Helvella","vespertina","iNat:33987944",49.356752,-123.23905,"2019-10-06",NA,NA,"Rhiannon Fox","false","research",1341
"58","Calycina citrina",955949,"Calycina citrina",NA,"Fungi","Ascomycota","Pezizomycotina",NA,"Leotiomycetes","",NA,"Helotiales",NA,NA,NA,"Pezizellaceae","","","Calycina","citrina","iNat:34273607",49.384895,-123.372391,"2019-10-12",NA,NA,"Ben Keen","false","research",NA
"59","Gyromitra infula",117994,"Gyromitra infula",NA,"Fungi","Ascomycota","Pezizomycotina",NA,"Pezizomycetes","",NA,"Pezizales",NA,NA,NA,"Discinaceae","","","Gyromitra","infula","iNat:34273998",49.400148,-123.205868,"2019-10-06",NA,NA,"John Martin","false","research",NA
"60","Ascocoryne sarcoides",49075,"Ascocoryne sarcoides",NA,"Fungi","Ascomycota","Pezizomycotina",NA,"Leotiomycetes","",NA,"Helotiales",NA,NA,NA,"Gelatinodiscaceae","","","Ascocoryne","sarcoides","iNat:34284150",49.400967,-123.210492,"2019-10-06",NA,NA,"John Martin","false","research",NA
"61","Xylaria hypoxylon",55267,"Xylaria hypoxylon",NA,"Fungi","Ascomycota","Pezizomycotina",NA,"Sordariomycetes","Xylariomycetidae",NA,"Xylariales",NA,NA,NA,"Xylariaceae","","","Xylaria","hypoxylon","iNat:34664114",49.380821,-123.4049,"2019-10-20",NA,NA,"Ben Keen","false","research",NA
"62","Calycina citrina",955949,"Calycina citrina",NA,"Fungi","Ascomycota","Pezizomycotina",NA,"Leotiomycetes","",NA,"Helotiales",NA,NA,NA,"Pezizellaceae","","","Calycina","citrina","iNat:34664230",49.380791,-123.405144,"2019-10-20",NA,NA,"Ben Keen","false","research",NA
"63","Ascocoryne sarcoides",49075,"Ascocoryne sarcoides",NA,"Fungi","Ascomycota","Pezizomycotina",NA,"Leotiomycetes","",NA,"Helotiales",NA,NA,NA,"Gelatinodiscaceae","","","Ascocoryne","sarcoides","iNat:34758012",49.400938,-123.20979,"2019-10-06",NA,NA,"","false","research",NA
"64","Gyromitra infula",117994,"Gyromitra infula",NA,"Fungi","Ascomycota","Pezizomycotina",NA,"Pezizomycetes","",NA,"Pezizales",NA,NA,NA,"Discinaceae","","","Gyromitra","infula","iNat:34758899",49.399973,-123.205525,"2019-10-06",NA,NA,"","false","research",NA
"65","Ascocoryne sarcoides",49075,"Ascocoryne sarcoides",NA,"Fungi","Ascomycota","Pezizomycotina",NA,"Leotiomycetes","",NA,"Helotiales",NA,NA,NA,"Gelatinodiscaceae","","","Ascocoryne","sarcoides","iNat:35101591",49.883773,-123.18526,"2019-10-27",NA,NA,"","false","research",NA
"66","Ascocoryne sarcoides",49075,"Ascocoryne sarcoides",NA,"Fungi","Ascomycota","Pezizomycotina",NA,"Leotiomycetes","",NA,"Helotiales",NA,NA,NA,"Gelatinodiscaceae","","","Ascocoryne","sarcoides","iNat:35504674",49.389507,-123.366776,"2019-11-09",NA,NA,"Ben Keen","false","research",NA
"67","Helvella vespertina",423950,"Helvella vespertina",NA,"Fungi","Ascomycota","Pezizomycotina",NA,"Pezizomycetes","",NA,"Pezizales",NA,NA,NA,"Helvellaceae","","","Helvella","vespertina","iNat:35548320",49.399414,-123.360161,"2019-11-10",NA,NA,"Ben Keen","false","research",NA
"68","Ascocoryne sarcoides",49075,"Ascocoryne sarcoides",NA,"Fungi","Ascomycota","Pezizomycotina",NA,"Leotiomycetes","",NA,"Helotiales",NA,NA,NA,"Gelatinodiscaceae","","","Ascocoryne","sarcoides","iNat:35759270",49.395462,-123.349075,"2019-11-16",NA,NA,"Ben Keen","false","research",NA
"69","Calycina citrina",955949,"Calycina citrina",NA,"Fungi","Ascomycota","Pezizomycotina",NA,"Leotiomycetes","",NA,"Helotiales",NA,NA,NA,"Pezizellaceae","","","Calycina","citrina","iNat:36030388",49.387665,-123.359184,"2019-11-24",NA,NA,"Ben Keen","false","research",NA
"70","Ascocoryne sarcoides",49075,"Ascocoryne sarcoides",NA,"Fungi","Ascomycota","Pezizomycotina",NA,"Leotiomycetes","",NA,"Helotiales",NA,NA,NA,"Gelatinodiscaceae","","","Ascocoryne","sarcoides","iNat:36447001",49.388,-123.372665,"2019-12-07",NA,NA,"Ben Keen","false","research",NA
"71","Xylaria hypoxylon",55267,"Xylaria hypoxylon",NA,"Fungi","Ascomycota","Pezizomycotina",NA,"Sordariomycetes","Xylariomycetidae",NA,"Xylariales",NA,NA,NA,"Xylariaceae","","","Xylaria","hypoxylon","iNat:36692555",49.671017,-123.158242,"2019-12-15",NA,NA,"John D Reynolds","false","research",13
"72","Calycina citrina",955949,"Calycina citrina",NA,"Fungi","Ascomycota","Pezizomycotina",NA,"Leotiomycetes","",NA,"Helotiales",NA,NA,NA,"Pezizellaceae","","","Calycina","citrina","iNat:36871999",49.380287,-123.405548,"2019-12-22",NA,NA,"Ben Keen","false","research",NA
"73","Kretzschmaria deusta",128051,"Kretzschmaria deusta",NA,"Fungi","Ascomycota","Pezizomycotina",NA,"Sordariomycetes","Xylariomycetidae",NA,"Xylariales",NA,NA,NA,"Xylariaceae","","","Kretzschmaria","deusta","iNat:36928253",49.388699,-123.368141,"2019-12-24",NA,NA,"Ben Keen","false","research",NA
"74","Rhytisma punctatum",333838,"Rhytisma punctatum",NA,"Fungi","Ascomycota","Pezizomycotina",NA,"Leotiomycetes","",NA,"Rhytismatales",NA,NA,NA,"Rhytismataceae","","","Rhytisma","punctatum","iNat:37055047",49.390583,-123.331718,"2019-12-28",NA,NA,"Ben Keen","false","research",NA
"75","Sarcoscypha coccinea",49134,"Sarcoscypha coccinea",NA,"Fungi","Ascomycota","Pezizomycotina",NA,"Pezizomycetes","",NA,"Pezizales",NA,NA,NA,"Sarcoscyphaceae","","","Sarcoscypha","coccinea","iNat:39414032",49.812813,-123.156006,"2020-03-01",NA,NA,"","false","research",8
"76","Mitrula elegans",320702,"Mitrula elegans",NA,"Fungi","Ascomycota","Pezizomycotina",NA,"Leotiomycetes","",NA,"Helotiales",NA,NA,NA,"Mitrulaceae","","","Mitrula","elegans","iNat:44439198",49.374275,-123.349058,"2020-04-30",NA,NA,"Ben Keen","false","research",NA
"77","Ramularia rubella",384093,"Ramularia rubella",NA,"Fungi","Ascomycota","Pezizomycotina",NA,"Dothideomycetes","Dothideomycetidae",NA,"Capnodiales",NA,NA,NA,"Mycosphaerellaceae","","","Ramularia","rubella","iNat:44940833",49.381183,-123.338833,"2020-05-04",NA,NA,"Ben Keen","false","research",NA
"78","Kretzschmaria deusta",128051,"Kretzschmaria deusta",NA,"Fungi","Ascomycota","Pezizomycotina",NA,"Sordariomycetes","Xylariomycetidae",NA,"Xylariales",NA,NA,NA,"Xylariaceae","","","Kretzschmaria","deusta","iNat:45130066",49.377386,-123.334817,"2020-05-06",NA,NA,"Ben Keen","false","research",NA
"79","Mitrula elegans",320702,"Mitrula elegans",NA,"Fungi","Ascomycota","Pezizomycotina",NA,"Leotiomycetes","",NA,"Helotiales",NA,NA,NA,"Mitrulaceae","","","Mitrula","elegans","iNat:45683590",49.930968,-123.105385,"2020-05-09",NA,NA,"Chloe and Trevor Van Loon","false","research",NA
"80","Kretzschmaria deusta",128051,"Kretzschmaria deusta",NA,"Fungi","Ascomycota","Pezizomycotina",NA,"Sordariomycetes","Xylariomycetidae",NA,"Xylariales",NA,NA,NA,"Xylariaceae","","","Kretzschmaria","deusta","iNat:45739465",49.360633,-123.248596,"2020-05-12",NA,NA,"","false","research",24
"81","Kretzschmaria deusta",128051,"Kretzschmaria deusta",NA,"Fungi","Ascomycota","Pezizomycotina",NA,"Sordariomycetes","Xylariomycetidae",NA,"Xylariales",NA,NA,NA,"Xylariaceae","","","Kretzschmaria","deusta","iNat:46094825",49.364947,-123.400588,"2020-05-15",NA,NA,"","false","research",48
"82","Kretzschmaria deusta",128051,"Kretzschmaria deusta",NA,"Fungi","Ascomycota","Pezizomycotina",NA,"Sordariomycetes","Xylariomycetidae",NA,"Xylariales",NA,NA,NA,"Xylariaceae","","","Kretzschmaria","deusta","iNat:47581257",49.375219,-123.346058,"2020-05-27",NA,NA,"Ben Keen","false","research",NA
"83","Kretzschmaria deusta",128051,"Kretzschmaria deusta",NA,"Fungi","Ascomycota","Pezizomycotina",NA,"Sordariomycetes","Xylariomycetidae",NA,"Xylariales",NA,NA,NA,"Xylariaceae","","","Kretzschmaria","deusta","iNat:47633477",49.741948,-123.110561,"2020-05-24",NA,NA,"Gwen L'Hirondelle","false","research",NA
"84","Kretzschmaria deusta",128051,"Kretzschmaria deusta",NA,"Fungi","Ascomycota","Pezizomycotina",NA,"Sordariomycetes","Xylariomycetidae",NA,"Xylariales",NA,NA,NA,"Xylariaceae","","","Kretzschmaria","deusta","iNat:48052243",49.391892,-123.3578,"2020-05-31",NA,NA,"Ben Keen","false","research",NA
"85","Plectania melastoma",344501,"Plectania melastoma",NA,"Fungi","Ascomycota","Pezizomycotina",NA,"Pezizomycetes","",NA,"Pezizales",NA,NA,NA,"Sarcosomataceae","","","Plectania","melastoma","iNat:48868212",49.706191,-123.105856,"2020-06-07",NA,NA,"Hillary Williamson","false","research",263
"86","Mitrula",120552,"Mitrula",NA,"Fungi","Ascomycota","Pezizomycotina",NA,"Leotiomycetes","",NA,"Helotiales",NA,NA,NA,"Mitrulaceae","","","Mitrula","","iNat:49947752",49.814706,-123.134873,"2020-06-14",NA,NA,"Chloe and Trevor Van Loon","false","research",11581
"87","Capitotricha bicolor",381494,"Capitotricha bicolor",NA,"Fungi","Ascomycota","Pezizomycotina",NA,"Leotiomycetes","",NA,"Helotiales",NA,NA,NA,"Lachnaceae","","","Capitotricha","bicolor","iNat:50369618",49.374633,-123.195437,"2020-06-17",NA,NA,"Ryan Durand","false","research",NA
"88","Hypomyces lactifluorum",48215,"Hypomyces lactifluorum",NA,"Fungi","Ascomycota","Pezizomycotina",NA,"Sordariomycetes","Hypocreomycetidae",NA,"Hypocreales",NA,NA,NA,"Hypocreaceae","","","Hypomyces","lactifluorum","iNat:52743353",49.682836,-123.330277,"2019-08-06",NA,NA,"","false","research",5824
"89","Tolypocladium ophioglossoides",499797,"Tolypocladium ophioglossoides",NA,"Fungi","Ascomycota","Pezizomycotina",NA,"Sordariomycetes","Hypocreomycetidae",NA,"Hypocreales",NA,NA,NA,"Ophiocordycipitaceae","","","Tolypocladium","ophioglossoides","iNat:53663818",49.345253,-123.404039,"2020-07-19",NA,NA,"Ben Keen","false","research",NA
"90","Hypomyces lactifluorum",48215,"Hypomyces lactifluorum",NA,"Fungi","Ascomycota","Pezizomycotina",NA,"Sordariomycetes","Hypocreomycetidae",NA,"Hypocreales",NA,NA,NA,"Hypocreaceae","","","Hypomyces","lactifluorum","iNat:55754058",49.408213,-123.523518,"2020-08-06",NA,NA,"Meghan Walley","false","research",NA
"91","Orbilia",353030,"Orbilia",NA,"Fungi","Ascomycota","Pezizomycotina",NA,"Orbiliomycetes","",NA,"Orbiliales",NA,NA,NA,"Orbiliaceae","","","Orbilia","","iNat:57384579",49.344688,-123.401405,"2020-08-23",NA,NA,"Tobin Sparling (he/him)","false","research",21
"92","Hypomyces lactifluorum",48215,"Hypomyces lactifluorum",NA,"Fungi","Ascomycota","Pezizomycotina",NA,"Sordariomycetes","Hypocreomycetidae",NA,"Hypocreales",NA,NA,NA,"Hypocreaceae","","","Hypomyces","lactifluorum","iNat:60132792",49.389533,-123.351683,"2020-09-19",NA,NA,"Ben Keen","false","research",NA
"93","Hypomyces lactifluorum",48215,"Hypomyces lactifluorum",NA,"Fungi","Ascomycota","Pezizomycotina",NA,"Sordariomycetes","Hypocreomycetidae",NA,"Hypocreales",NA,NA,NA,"Hypocreaceae","","","Hypomyces","lactifluorum","iNat:60568227",49.383748,-123.339807,"2020-09-21",NA,NA,"John Martin","false","research",NA
"94","Hypomyces lactifluorum",48215,"Hypomyces lactifluorum",NA,"Fungi","Ascomycota","Pezizomycotina",NA,"Sordariomycetes","Hypocreomycetidae",NA,"Hypocreales",NA,NA,NA,"Hypocreaceae","","","Hypomyces","lactifluorum","iNat:60568228",49.383712,-123.339956,"2020-09-21",NA,NA,"John Martin","false","research",NA
"95","Hypomyces lactifluorum",48215,"Hypomyces lactifluorum",NA,"Fungi","Ascomycota","Pezizomycotina",NA,"Sordariomycetes","Hypocreomycetidae",NA,"Hypocreales",NA,NA,NA,"Hypocreaceae","","","Hypomyces","lactifluorum","iNat:61020354",49.390997,-123.352372,"2020-09-27",NA,NA,"David Koeplin","false","research",83
"96","Hypomyces lactifluorum",48215,"Hypomyces lactifluorum",NA,"Fungi","Ascomycota","Pezizomycotina",NA,"Sordariomycetes","Hypocreomycetidae",NA,"Hypocreales",NA,NA,NA,"Hypocreaceae","","","Hypomyces","lactifluorum","iNat:61449025",49.805038,-123.134803,"2020-10-01",NA,NA,"","false","research",56
"97","Hypomyces lactifluorum",48215,"Hypomyces lactifluorum",NA,"Fungi","Ascomycota","Pezizomycotina",NA,"Sordariomycetes","Hypocreomycetidae",NA,"Hypocreales",NA,NA,NA,"Hypocreaceae","","","Hypomyces","lactifluorum","iNat:61612863",49.422764,-123.466099,"2020-10-03",NA,NA,"","false","research",4000
"98","Hypomyces lactifluorum",48215,"Hypomyces lactifluorum",NA,"Fungi","Ascomycota","Pezizomycotina",NA,"Sordariomycetes","Hypocreomycetidae",NA,"Hypocreales",NA,NA,NA,"Hypocreaceae","","","Hypomyces","lactifluorum","iNat:61683409",49.397728,-123.457925,"2020-09-12",NA,NA,"","false","research",4583
"99","Hypomyces lactifluorum",48215,"Hypomyces lactifluorum",NA,"Fungi","Ascomycota","Pezizomycotina",NA,"Sordariomycetes","Hypocreomycetidae",NA,"Hypocreales",NA,NA,NA,"Hypocreaceae","","","Hypomyces","lactifluorum","iNat:61945534",49.335338,-123.257255,"2020-10-05",NA,NA,"","false","research",64
"100","Kretzschmaria deusta",128051,"Kretzschmaria deusta",NA,"Fungi","Ascomycota","Pezizomycotina",NA,"Sordariomycetes","Xylariomycetidae",NA,"Xylariales",NA,NA,NA,"Xylariaceae","","","Kretzschmaria","deusta","iNat:62174136",49.741691,-123.111083,"2020-09-07",NA,NA,"Gwen L'Hirondelle","false","research",42
"101","Hypomyces lactifluorum",48215,"Hypomyces lactifluorum",NA,"Fungi","Ascomycota","Pezizomycotina",NA,"Sordariomycetes","Hypocreomycetidae",NA,"Hypocreales",NA,NA,NA,"Hypocreaceae","","","Hypomyces","lactifluorum","iNat:62250283",49.373028,-123.362305,"2020-10-10",NA,NA,"Tobin Sparling (he/him)","false","research",153
"102","Hypomyces lactifluorum",48215,"Hypomyces lactifluorum",NA,"Fungi","Ascomycota","Pezizomycotina",NA,"Sordariomycetes","Hypocreomycetidae",NA,"Hypocreales",NA,NA,NA,"Hypocreaceae","","","Hypomyces","lactifluorum","iNat:62439733",49.366366,-123.411833,"2020-10-12",NA,NA,"Bruce McTaggart","false","research",NA
"103","Hypomyces lactifluorum",48215,"Hypomyces lactifluorum",NA,"Fungi","Ascomycota","Pezizomycotina",NA,"Sordariomycetes","Hypocreomycetidae",NA,"Hypocreales",NA,NA,NA,"Hypocreaceae","","","Hypomyces","lactifluorum","iNat:62440227",49.365459,-123.405092,"2020-10-12",NA,NA,"Bruce McTaggart","false","research",NA
"104","Hypomyces lactifluorum",48215,"Hypomyces lactifluorum",NA,"Fungi","Ascomycota","Pezizomycotina",NA,"Sordariomycetes","Hypocreomycetidae",NA,"Hypocreales",NA,NA,NA,"Hypocreaceae","","","Hypomyces","lactifluorum","iNat:62614645",49.368498,-123.461324,"2020-09-27",NA,NA,"Brigitta S","false","research",3674
"105","Hypomyces lactifluorum",48215,"Hypomyces lactifluorum",NA,"Fungi","Ascomycota","Pezizomycotina",NA,"Sordariomycetes","Hypocreomycetidae",NA,"Hypocreales",NA,NA,NA,"Hypocreaceae","","","Hypomyces","lactifluorum","iNat:62822539",49.819808,-123.155517,"2020-10-11",NA,NA,"L","false","research",1404
"106","Hypomyces lactifluorum",48215,"Hypomyces lactifluorum",NA,"Fungi","Ascomycota","Pezizomycotina",NA,"Sordariomycetes","Hypocreomycetidae",NA,"Hypocreales",NA,NA,NA,"Hypocreaceae","","","Hypomyces","lactifluorum","iNat:62915171",49.344864,-123.264289,"2020-10-14",NA,NA,"S.C.Hosie","false","research",32
"107","Hypomyces lactifluorum",48215,"Hypomyces lactifluorum",NA,"Fungi","Ascomycota","Pezizomycotina",NA,"Sordariomycetes","Hypocreomycetidae",NA,"Hypocreales",NA,NA,NA,"Hypocreaceae","","","Hypomyces","lactifluorum","iNat:63061953",49.850222,-123.164569,"2020-10-19",NA,NA,"Catherine","false","research",NA
"108","Xylaria hypoxylon",55267,"Xylaria hypoxylon",NA,"Fungi","Ascomycota","Pezizomycotina",NA,"Sordariomycetes","Xylariomycetidae",NA,"Xylariales",NA,NA,NA,"Xylariaceae","","","Xylaria","hypoxylon","iNat:63278405",49.395662,-123.325128,"2020-10-22",NA,NA,"Tobin Sparling (he/him)","false","research",56
"109","Hypomyces lactifluorum",48215,"Hypomyces lactifluorum",NA,"Fungi","Ascomycota","Pezizomycotina",NA,"Sordariomycetes","Hypocreomycetidae",NA,"Hypocreales",NA,NA,NA,"Hypocreaceae","","","Hypomyces","lactifluorum","iNat:63513416",49.784376,-123.154121,"2020-10-25",NA,NA,"","false","research",1595
"110","Hypomyces lactifluorum",48215,"Hypomyces lactifluorum",NA,"Fungi","Ascomycota","Pezizomycotina",NA,"Sordariomycetes","Hypocreomycetidae",NA,"Hypocreales",NA,NA,NA,"Hypocreaceae","","","Hypomyces","lactifluorum","iNat:63520540",49.770884,-123.153353,"2020-10-25",NA,NA,"","false","research",1619
"111","Aleuria aurantia",48716,"Aleuria aurantia",NA,"Fungi","Ascomycota","Pezizomycotina",NA,"Pezizomycetes","",NA,"Pezizales",NA,NA,NA,"Pyronemataceae","","","Aleuria","aurantia","iNat:63854954",49.357525,-123.388503,"2020-10-30",NA,NA,"Tobin Sparling (he/him)","false","research",1385
"112","Xylaria hypoxylon",55267,"Xylaria hypoxylon",NA,"Fungi","Ascomycota","Pezizomycotina",NA,"Sordariomycetes","Xylariomycetidae",NA,"Xylariales",NA,NA,NA,"Xylariaceae","","","Xylaria","hypoxylon","iNat:64144773",49.782623,-123.115467,"2020-11-01",NA,NA,"Katherine Penney","false","research",702
"113","Helvella vespertina",423950,"Helvella vespertina",NA,"Fungi","Ascomycota","Pezizomycotina",NA,"Pezizomycetes","",NA,"Pezizales",NA,NA,NA,"Helvellaceae","","","Helvella","vespertina","iNat:64146196",49.783147,-123.112736,"2020-11-01",NA,NA,"Katherine Penney","false","research",1087
"114","Ascocoryne sarcoides",49075,"Ascocoryne sarcoides",NA,"Fungi","Ascomycota","Pezizomycotina",NA,"Leotiomycetes","",NA,"Helotiales",NA,NA,NA,"Gelatinodiscaceae","","","Ascocoryne","sarcoides","iNat:64406776",49.396615,-123.350842,"2020-11-07",NA,NA,"Ben Keen","false","research",126
"115","Hypomyces lactifluorum",48215,"Hypomyces lactifluorum",NA,"Fungi","Ascomycota","Pezizomycotina",NA,"Sordariomycetes","Hypocreomycetidae",NA,"Hypocreales",NA,NA,NA,"Hypocreaceae","","","Hypomyces","lactifluorum","iNat:64708044",49.363675,-123.421417,"2020-11-11",NA,NA,"Chantal","false","research",2503
"116","Helvella vespertina",423950,"Helvella vespertina",NA,"Fungi","Ascomycota","Pezizomycotina",NA,"Pezizomycetes","",NA,"Pezizales",NA,NA,NA,"Helvellaceae","","","Helvella","vespertina","iNat:65235090",49.395737,-123.325263,"2020-11-19",NA,NA,"Tobin Sparling (he/him)","false","research",4
"117","Hypomyces cervinigenus",118004,"Hypomyces cervinigenus",NA,"Fungi","Ascomycota","Pezizomycotina",NA,"Sordariomycetes","Hypocreomycetidae",NA,"Hypocreales",NA,NA,NA,"Hypocreaceae","","","Hypomyces","cervinigenus","iNat:65501603",49.366544,-123.428202,"2020-11-23",NA,NA,"Bruce McTaggart","false","research",NA
"118","Helvella vespertina",423950,"Helvella vespertina",NA,"Fungi","Ascomycota","Pezizomycotina",NA,"Pezizomycetes","",NA,"Pezizales",NA,NA,NA,"Helvellaceae","","","Helvella","vespertina","iNat:65504756",49.831069,-123.144651,"2020-11-23",NA,NA,"","false","research",316
"119","Gyromitra infula",117994,"Gyromitra infula",NA,"Fungi","Ascomycota","Pezizomycotina",NA,"Pezizomycetes","",NA,"Pezizales",NA,NA,NA,"Discinaceae","","","Gyromitra","infula","iNat:65610297",49.394073,-123.335353,"2020-11-25",NA,NA,"Ben Keen","false","research",234
"120","Xylaria hypoxylon",55267,"Xylaria hypoxylon",NA,"Fungi","Ascomycota","Pezizomycotina",NA,"Sordariomycetes","Xylariomycetidae",NA,"Xylariales",NA,NA,NA,"Xylariaceae","","","Xylaria","hypoxylon","iNat:65852879",49.36311,-123.420239,"2020-11-29",NA,NA,"Bruce McTaggart","false","research",NA
"121","Hypomyces cervinigenus",118004,"Hypomyces cervinigenus",NA,"Fungi","Ascomycota","Pezizomycotina",NA,"Sordariomycetes","Hypocreomycetidae",NA,"Hypocreales",NA,NA,NA,"Hypocreaceae","","","Hypomyces","cervinigenus","iNat:65915540",49.361575,-123.260361,"2020-11-30",NA,NA,"Ben Keen","false","research",NA
"122","Ascocoryne sarcoides",49075,"Ascocoryne sarcoides",NA,"Fungi","Ascomycota","Pezizomycotina",NA,"Leotiomycetes","",NA,"Helotiales",NA,NA,NA,"Gelatinodiscaceae","","","Ascocoryne","sarcoides","iNat:65930323",49.394982,-123.331568,"2020-11-30",NA,NA,"Tobin Sparling (he/him)","false","research",117
"123","Helvella vespertina",423950,"Helvella vespertina",NA,"Fungi","Ascomycota","Pezizomycotina",NA,"Pezizomycetes","",NA,"Pezizales",NA,NA,NA,"Helvellaceae","","","Helvella","vespertina","iNat:66029402",49.393564,-123.334167,"2020-12-02",NA,NA,"Ben Keen","false","research",NA
"124","Hypomyces cervinigenus",118004,"Hypomyces cervinigenus",NA,"Fungi","Ascomycota","Pezizomycotina",NA,"Sordariomycetes","Hypocreomycetidae",NA,"Hypocreales",NA,NA,NA,"Hypocreaceae","","","Hypomyces","cervinigenus","iNat:66077447",49.401103,-123.359806,"2020-12-03",NA,NA,"Ben Keen","false","research",NA
"125","Helvella vespertina",423950,"Helvella vespertina",NA,"Fungi","Ascomycota","Pezizomycotina",NA,"Pezizomycetes","",NA,"Pezizales",NA,NA,NA,"Helvellaceae","","","Helvella","vespertina","iNat:66077459",49.401103,-123.359806,"2020-12-03",NA,NA,"Ben Keen","false","research",NA
"126","Ascocoryne sarcoides",49075,"Ascocoryne sarcoides",NA,"Fungi","Ascomycota","Pezizomycotina",NA,"Leotiomycetes","",NA,"Helotiales",NA,NA,NA,"Gelatinodiscaceae","","","Ascocoryne","sarcoides","iNat:66112235",49.371261,-123.375314,"2020-12-04",NA,NA,"Ben Keen","false","research",NA
"127","Rhytisma punctatum",333838,"Rhytisma punctatum",NA,"Fungi","Ascomycota","Pezizomycotina",NA,"Leotiomycetes","",NA,"Rhytismatales",NA,NA,NA,"Rhytismataceae","","","Rhytisma","punctatum","iNat:66317982",49.395601,-123.325251,"2020-12-04",NA,NA,"Tobin Sparling (he/him)","false","research",65
"128","Helvella vespertina",423950,"Helvella vespertina",NA,"Fungi","Ascomycota","Pezizomycotina",NA,"Pezizomycetes","",NA,"Pezizales",NA,NA,NA,"Helvellaceae","","","Helvella","vespertina","iNat:67226574",49.471683,-123.241037,"2020-12-28",NA,NA,"","false","research",10
"129","Zythia resinae",1225577,"Zythia resinae",NA,"Fungi","Ascomycota","Pezizomycotina",NA,"Lichinomycetes","",NA,"Sareales",NA,NA,NA,"Zythiaceae","","","Zythia","resinae","iNat:67228438",49.744214,-123.115364,"2020-12-28",NA,NA,"Gwen L'Hirondelle","false","research",NA
"130","Xylaria hypoxylon",55267,"Xylaria hypoxylon",NA,"Fungi","Ascomycota","Pezizomycotina",NA,"Sordariomycetes","Xylariomycetidae",NA,"Xylariales",NA,NA,NA,"Xylariaceae","","","Xylaria","hypoxylon","iNat:67380747",49.459293,-123.234139,"2020-12-31",NA,NA,"Alyssa Zandvliet","false","research",2035
"131","Hypomyces cervinigenus",118004,"Hypomyces cervinigenus",NA,"Fungi","Ascomycota","Pezizomycotina",NA,"Sordariomycetes","Hypocreomycetidae",NA,"Hypocreales",NA,NA,NA,"Hypocreaceae","","","Hypomyces","cervinigenus","iNat:67462765",49.756953,-123.127919,"2020-12-04",NA,NA,"Gwen L'Hirondelle","false","research",NA
"132","Helvella vespertina",423950,"Helvella vespertina",NA,"Fungi","Ascomycota","Pezizomycotina",NA,"Pezizomycetes","",NA,"Pezizales",NA,NA,NA,"Helvellaceae","","","Helvella","vespertina","iNat:67463311",49.757072,-123.127711,"2020-12-04",NA,NA,"Gwen L'Hirondelle","false","research",NA
"133","Helvella vespertina",423950,"Helvella vespertina",NA,"Fungi","Ascomycota","Pezizomycotina",NA,"Pezizomycetes","",NA,"Pezizales",NA,NA,NA,"Helvellaceae","","","Helvella","vespertina","iNat:67463582",49.757164,-123.127925,"2020-12-04",NA,NA,"Gwen L'Hirondelle","false","research",NA
"134","Xylaria hypoxylon",55267,"Xylaria hypoxylon",NA,"Fungi","Ascomycota","Pezizomycotina",NA,"Sordariomycetes","Xylariomycetidae",NA,"Xylariales",NA,NA,NA,"Xylariaceae","","","Xylaria","hypoxylon","iNat:67473718",49.791714,-123.127506,"2020-10-25",NA,NA,"","false","research",171
"135","Helvella compressa",117997,"Helvella compressa",NA,"Fungi","Ascomycota","Pezizomycotina",NA,"Pezizomycetes","",NA,"Pezizales",NA,NA,NA,"Helvellaceae","","","Helvella","compressa","iNat:68242124",49.331639,-123.263597,"2021-01-17",NA,NA,"Nicola Rammell","false","research",61
"136","Helvella compressa",117997,"Helvella compressa",NA,"Fungi","Ascomycota","Pezizomycotina",NA,"Pezizomycetes","",NA,"Pezizales",NA,NA,NA,"Helvellaceae","","","Helvella","compressa","iNat:68242125",49.333133,-123.262328,"2021-01-17",NA,NA,"Nicola Rammell","false","research",61
"137","Ascocoryne sarcoides",49075,"Ascocoryne sarcoides",NA,"Fungi","Ascomycota","Pezizomycotina",NA,"Leotiomycetes","",NA,"Helotiales",NA,NA,NA,"Gelatinodiscaceae","","","Ascocoryne","sarcoides","iNat:70515497",49.61838,-123.20945,"2020-12-09",NA,NA,"","false","research",40
"138","Pseudoplectania nigrella",351979,"Pseudoplectania nigrella",NA,"Fungi","Ascomycota","Pezizomycotina",NA,"Pezizomycetes","",NA,"Pezizales",NA,NA,NA,"Sarcosomataceae","","","Pseudoplectania","nigrella","iNat:73026487",49.337537,-123.260803,"2021-04-04",NA,NA,"Taylor Justason","false","research",4
"139","Mitrula elegans",320702,"Mitrula elegans",NA,"Fungi","Ascomycota","Pezizomycotina",NA,"Leotiomycetes","",NA,"Helotiales",NA,NA,NA,"Mitrulaceae","","","Mitrula","elegans","iNat:78312128",49.647275,-123.202961,"2021-05-11",NA,NA,"Christina","false","research",NA
"140","Kretzschmaria deusta",128051,"Kretzschmaria deusta",NA,"Fungi","Ascomycota","Pezizomycotina",NA,"Sordariomycetes","Xylariomycetidae",NA,"Xylariales",NA,NA,NA,"Xylariaceae","","","Kretzschmaria","deusta","iNat:79240713",49.339745,-123.260383,"2021-05-17",NA,NA,"Caitlin Robinson","false","research",32
"141","Cudonia monticola",217906,"Cudonia monticola",NA,"Fungi","Ascomycota","Pezizomycotina",NA,"Leotiomycetes","",NA,"Rhytismatales",NA,NA,NA,"Cudoniaceae","","","Cudonia","monticola","iNat:79337776",49.365925,-123.255638,"2021-05-18",NA,NA,"Alyssa Zandvliet","false","research",6
"142","Plectania melastoma",344501,"Plectania melastoma",NA,"Fungi","Ascomycota","Pezizomycotina",NA,"Pezizomycetes","",NA,"Pezizales",NA,NA,NA,"Sarcosomataceae","","","Plectania","melastoma","iNat:83597235",49.766205,-123.128029,"2021-06-11",NA,NA,"","false","research",76
"143","Hypomyces lactifluorum",48215,"Hypomyces lactifluorum",NA,"Fungi","Ascomycota","Pezizomycotina",NA,"Sordariomycetes","Hypocreomycetidae",NA,"Hypocreales",NA,NA,NA,"Hypocreaceae","","","Hypomyces","lactifluorum","iNat:93966059",49.38995,-123.3518,"2021-06-16",NA,NA,"","false","research",14
"144","Hypomyces lactifluorum",48215,"Hypomyces lactifluorum",NA,"Fungi","Ascomycota","Pezizomycotina",NA,"Sordariomycetes","Hypocreomycetidae",NA,"Hypocreales",NA,NA,NA,"Hypocreaceae","","","Hypomyces","lactifluorum","iNat:94506052",49.415097,-123.496494,"2021-09-11",NA,NA,"April","false","research",NA
"145","Hypomyces lactifluorum",48215,"Hypomyces lactifluorum",NA,"Fungi","Ascomycota","Pezizomycotina",NA,"Sordariomycetes","Hypocreomycetidae",NA,"Hypocreales",NA,NA,NA,"Hypocreaceae","","","Hypomyces","lactifluorum","iNat:94506075",49.417528,-123.501253,"2021-09-11",NA,NA,"April","false","research",NA
"146","Hypomyces lactifluorum",48215,"Hypomyces lactifluorum",NA,"Fungi","Ascomycota","Pezizomycotina",NA,"Sordariomycetes","Hypocreomycetidae",NA,"Hypocreales",NA,NA,NA,"Hypocreaceae","","","Hypomyces","lactifluorum","iNat:94506161",49.414856,-123.497678,"2021-09-11",NA,NA,"April","false","research",NA
"147","Hypomyces lactifluorum",48215,"Hypomyces lactifluorum",NA,"Fungi","Ascomycota","Pezizomycotina",NA,"Sordariomycetes","Hypocreomycetidae",NA,"Hypocreales",NA,NA,NA,"Hypocreaceae","","","Hypomyces","lactifluorum","iNat:94506191",49.417528,-123.501253,"2021-09-11",NA,NA,"April","false","research",NA
"148","Hypomyces lactifluorum",48215,"Hypomyces lactifluorum",NA,"Fungi","Ascomycota","Pezizomycotina",NA,"Sordariomycetes","Hypocreomycetidae",NA,"Hypocreales",NA,NA,NA,"Hypocreaceae","","","Hypomyces","lactifluorum","iNat:94506245",49.417528,-123.501253,"2021-09-11",NA,NA,"April","false","research",NA
"149","Hypomyces lactifluorum",48215,"Hypomyces lactifluorum",NA,"Fungi","Ascomycota","Pezizomycotina",NA,"Sordariomycetes","Hypocreomycetidae",NA,"Hypocreales",NA,NA,NA,"Hypocreaceae","","","Hypomyces","lactifluorum","iNat:94506279",49.415289,-123.496656,"2021-09-11",NA,NA,"April","false","research",NA
"150","Hypomyces lactifluorum",48215,"Hypomyces lactifluorum",NA,"Fungi","Ascomycota","Pezizomycotina",NA,"Sordariomycetes","Hypocreomycetidae",NA,"Hypocreales",NA,NA,NA,"Hypocreaceae","","","Hypomyces","lactifluorum","iNat:94506303",49.415289,-123.496656,"2021-09-11",NA,NA,"April","false","research",NA
"151","Hypomyces lactifluorum",48215,"Hypomyces lactifluorum",NA,"Fungi","Ascomycota","Pezizomycotina",NA,"Sordariomycetes","Hypocreomycetidae",NA,"Hypocreales",NA,NA,NA,"Hypocreaceae","","","Hypomyces","lactifluorum","iNat:94506326",49.417528,-123.501253,"2021-09-11",NA,NA,"April","false","research",NA
"152","Hypomyces lactifluorum",48215,"Hypomyces lactifluorum",NA,"Fungi","Ascomycota","Pezizomycotina",NA,"Sordariomycetes","Hypocreomycetidae",NA,"Hypocreales",NA,NA,NA,"Hypocreaceae","","","Hypomyces","lactifluorum","iNat:94506364",49.415317,-123.496647,"2021-09-11",NA,NA,"April","false","research",NA
"153","Hypomyces lactifluorum",48215,"Hypomyces lactifluorum",NA,"Fungi","Ascomycota","Pezizomycotina",NA,"Sordariomycetes","Hypocreomycetidae",NA,"Hypocreales",NA,NA,NA,"Hypocreaceae","","","Hypomyces","lactifluorum","iNat:94506381",49.415317,-123.496647,"2021-09-11",NA,NA,"April","false","research",NA
"154","Xylaria hypoxylon",55267,"Xylaria hypoxylon",NA,"Fungi","Ascomycota","Pezizomycotina",NA,"Sordariomycetes","Xylariomycetidae",NA,"Xylariales",NA,NA,NA,"Xylariaceae","","","Xylaria","hypoxylon","iNat:94656967",49.667931,-123.126533,"2021-09-12",NA,NA,"Ben Keen","false","research",NA
"155","Tolypocladium ophioglossoides",499797,"Tolypocladium ophioglossoides",NA,"Fungi","Ascomycota","Pezizomycotina",NA,"Sordariomycetes","Hypocreomycetidae",NA,"Hypocreales",NA,NA,NA,"Ophiocordycipitaceae","","","Tolypocladium","ophioglossoides","iNat:95492066",49.374237,-123.18615,"2021-09-19",NA,NA,"Mendel Skulski","false","research",NA
"156","Hypomyces lactifluorum",48215,"Hypomyces lactifluorum",NA,"Fungi","Ascomycota","Pezizomycotina",NA,"Sordariomycetes","Hypocreomycetidae",NA,"Hypocreales",NA,NA,NA,"Hypocreaceae","","","Hypomyces","lactifluorum","iNat:95574349",49.431094,-123.516736,"2021-09-20",NA,NA,"Richard Biel","false","research",64
"157","Hypomyces lactifluorum",48215,"Hypomyces lactifluorum",NA,"Fungi","Ascomycota","Pezizomycotina",NA,"Sordariomycetes","Hypocreomycetidae",NA,"Hypocreales",NA,NA,NA,"Hypocreaceae","","","Hypomyces","lactifluorum","iNat:95988970",49.658514,-123.081882,"2020-10-14",NA,NA,"Emma Harrower","false","research",NA
"158","Calycina citrina",955949,"Calycina citrina",NA,"Fungi","Ascomycota","Pezizomycotina",NA,"Leotiomycetes","",NA,"Helotiales",NA,NA,NA,"Pezizellaceae","","","Calycina","citrina","iNat:96305215",49.371433,-123.374436,"2021-09-26",NA,NA,"Ben Keen","false","research",NA
"159","Hypomyces lactifluorum",48215,"Hypomyces lactifluorum",NA,"Fungi","Ascomycota","Pezizomycotina",NA,"Sordariomycetes","Hypocreomycetidae",NA,"Hypocreales",NA,NA,NA,"Hypocreaceae","","","Hypomyces","lactifluorum","iNat:96603844",49.385852,-123.355138,"2021-09-29",NA,NA,"","false","research",5430
"160","Hypomyces lactifluorum",48215,"Hypomyces lactifluorum",NA,"Fungi","Ascomycota","Pezizomycotina",NA,"Sordariomycetes","Hypocreomycetidae",NA,"Hypocreales",NA,NA,NA,"Hypocreaceae","","","Hypomyces","lactifluorum","iNat:97099039",49.378758,-123.261842,"2021-10-01",NA,NA,"Alyssa Zandvliet","false","research",67
"161","Aleuria aurantia",48716,"Aleuria aurantia",NA,"Fungi","Ascomycota","Pezizomycotina",NA,"Pezizomycetes","",NA,"Pezizales",NA,NA,NA,"Pyronemataceae","","","Aleuria","aurantia","iNat:97142709",49.778655,-123.136824,"2021-10-02",NA,NA,"","false","research",5129
"162","Calycina citrina",955949,"Calycina citrina",NA,"Fungi","Ascomycota","Pezizomycotina",NA,"Leotiomycetes","",NA,"Helotiales",NA,NA,NA,"Pezizellaceae","","","Calycina","citrina","iNat:97964542",49.71485,-123.165461,"2021-10-11",NA,NA,"Ben Keen","false","research",NA
"163","Rhytisma punctatum",333838,"Rhytisma punctatum",NA,"Fungi","Ascomycota","Pezizomycotina",NA,"Leotiomycetes","",NA,"Rhytismatales",NA,NA,NA,"Rhytismataceae","","","Rhytisma","punctatum","iNat:98018318",49.698105,-123.135772,"2021-10-11",NA,NA,"Nancy Henderson","false","research",65
"164","Aleuria aurantia",48716,"Aleuria aurantia",NA,"Fungi","Ascomycota","Pezizomycotina",NA,"Pezizomycetes","",NA,"Pezizales",NA,NA,NA,"Pyronemataceae","","","Aleuria","aurantia","iNat:98113767",49.724435,-123.091369,"2021-10-13",NA,NA,"Nancy Henderson","false","research",10
"165","Hypomyces lactifluorum",48215,"Hypomyces lactifluorum",NA,"Fungi","Ascomycota","Pezizomycotina",NA,"Sordariomycetes","Hypocreomycetidae",NA,"Hypocreales",NA,NA,NA,"Hypocreaceae","","","Hypomyces","lactifluorum","iNat:98120412",49.723318,-123.08786,"2021-10-13",NA,NA,"Nancy Henderson","false","research",30
"166","Helvella elastica",63246,"Helvella elastica",NA,"Fungi","Ascomycota","Pezizomycotina",NA,"Pezizomycetes","",NA,"Pezizales",NA,NA,NA,"Helvellaceae","","","Helvella","elastica","iNat:98515121",49.467326,-123.229753,"2021-10-16",NA,NA,"Mendel Skulski","false","research",NA
"167","Calycina citrina",955949,"Calycina citrina",NA,"Fungi","Ascomycota","Pezizomycotina",NA,"Leotiomycetes","",NA,"Helotiales",NA,NA,NA,"Pezizellaceae","","","Calycina","citrina","iNat:98721227",49.355476,-123.380771,"2021-10-19",NA,NA,"","false","research",9
"168","Aleuria aurantia",48716,"Aleuria aurantia",NA,"Fungi","Ascomycota","Pezizomycotina",NA,"Pezizomycetes","",NA,"Pezizales",NA,NA,NA,"Pyronemataceae","","","Aleuria","aurantia","iNat:98938969",49.416686,-123.206978,"2021-09-18",NA,NA,"Kate McKeown","false","research",32
"169","Xylaria hypoxylon",55267,"Xylaria hypoxylon",NA,"Fungi","Ascomycota","Pezizomycotina",NA,"Sordariomycetes","Xylariomycetidae",NA,"Xylariales",NA,NA,NA,"Xylariaceae","","","Xylaria","hypoxylon","iNat:99500659",49.694323,-123.135194,"2021-09-30",NA,NA,"","false","research",1174
"170","Xylaria hypoxylon",55267,"Xylaria hypoxylon",NA,"Fungi","Ascomycota","Pezizomycotina",NA,"Sordariomycetes","Xylariomycetidae",NA,"Xylariales",NA,NA,NA,"Xylariaceae","","","Xylaria","hypoxylon","iNat:99719785",49.371662,-123.350372,"2021-10-01",NA,NA,"Kate McKeown","false","research",NA
"171","Xylaria hypoxylon",55267,"Xylaria hypoxylon",NA,"Fungi","Ascomycota","Pezizomycotina",NA,"Sordariomycetes","Xylariomycetidae",NA,"Xylariales",NA,NA,NA,"Xylariaceae","","","Xylaria","hypoxylon","iNat:99728528",49.370361,-123.350426,"2021-10-01",NA,NA,"Kate McKeown","false","research",NA
"172","Helvella vespertina",423950,"Helvella vespertina",NA,"Fungi","Ascomycota","Pezizomycotina",NA,"Pezizomycetes","",NA,"Pezizales",NA,NA,NA,"Helvellaceae","","","Helvella","vespertina","iNat:99905234",49.495108,-123.23568,"2021-10-31",NA,NA,"Shannon Foster","false","research",12
"173","Gyromitra infula",117994,"Gyromitra infula",NA,"Fungi","Ascomycota","Pezizomycotina",NA,"Pezizomycetes","",NA,"Pezizales",NA,NA,NA,"Discinaceae","","","Gyromitra","infula","iNat:99928687",49.492195,-123.235437,"2021-10-31",NA,NA,"Shannon Foster","false","research",10
"174","Hypomyces cervinigenus",118004,"Hypomyces cervinigenus",NA,"Fungi","Ascomycota","Pezizomycotina",NA,"Sordariomycetes","Hypocreomycetidae",NA,"Hypocreales",NA,NA,NA,"Hypocreaceae","","","Hypomyces","cervinigenus","iNat:100107625",49.372817,-123.266913,"2021-10-30",NA,NA,"Marcus Richardson","false","research",3
"175","Ascocoryne sarcoides",49075,"Ascocoryne sarcoides",NA,"Fungi","Ascomycota","Pezizomycotina",NA,"Leotiomycetes","",NA,"Helotiales",NA,NA,NA,"Gelatinodiscaceae","","","Ascocoryne","sarcoides","iNat:100567962",49.58129,-123.315015,"2021-10-28",NA,NA,"Lauren Bosch","false","research",58
"176","Helvella vespertina",423950,"Helvella vespertina",NA,"Fungi","Ascomycota","Pezizomycotina",NA,"Pezizomycetes","",NA,"Pezizales",NA,NA,NA,"Helvellaceae","","","Helvella","vespertina","iNat:100575489",49.460569,-123.40332,"2021-10-22",NA,NA,"Medella Mushrooms","false","research",134
"177","Helvella vespertina",423950,"Helvella vespertina",NA,"Fungi","Ascomycota","Pezizomycotina",NA,"Pezizomycetes","",NA,"Pezizales",NA,NA,NA,"Helvellaceae","","","Helvella","vespertina","iNat:100984003",49.472412,-123.233863,"2021-11-12",NA,NA,"","false","research",11
"178","Xylaria hypoxylon",55267,"Xylaria hypoxylon",NA,"Fungi","Ascomycota","Pezizomycotina",NA,"Sordariomycetes","Xylariomycetidae",NA,"Xylariales",NA,NA,NA,"Xylariaceae","","","Xylaria","hypoxylon","iNat:101576683",49.33551,-123.263615,"2021-11-19",NA,NA,"John Martin","false","research",NA
"179","Ascocoryne sarcoides",49075,"Ascocoryne sarcoides",NA,"Fungi","Ascomycota","Pezizomycotina",NA,"Leotiomycetes","",NA,"Helotiales",NA,NA,NA,"Gelatinodiscaceae","","","Ascocoryne","sarcoides","iNat:101668230",49.445741,-123.506688,"2021-11-20",NA,NA,"Lou D","false","research",488
"180","Aleuria aurantia",48716,"Aleuria aurantia",NA,"Fungi","Ascomycota","Pezizomycotina",NA,"Pezizomycetes","",NA,"Pezizales",NA,NA,NA,"Pyronemataceae","","","Aleuria","aurantia","iNat:101715907",49.733813,-123.115553,"2021-11-16",NA,NA,"L","false","research",178
"181","Xylaria hypoxylon",55267,"Xylaria hypoxylon",NA,"Fungi","Ascomycota","Pezizomycotina",NA,"Sordariomycetes","Xylariomycetidae",NA,"Xylariales",NA,NA,NA,"Xylariaceae","","","Xylaria","hypoxylon","iNat:102082149",49.33853,-123.266267,"2021-10-19",NA,NA,"","false","research",26
"182","Gyromitra esculenta",85120,"Gyromitra esculenta",NA,"Fungi","Ascomycota","Pezizomycotina",NA,"Pezizomycetes","",NA,"Pezizales",NA,NA,NA,"Discinaceae","","","Gyromitra","esculenta","iNat:110528007",49.39618,-123.356888,"2022-04-04",NA,NA,"Chantal","false","research",1416
"183","Caloscypha fulgens",153035,"Caloscypha fulgens",NA,"Fungi","Ascomycota","Pezizomycotina",NA,"Pezizomycetes","",NA,"Pezizales",NA,NA,NA,"Caloscyphaceae","","","Caloscypha","fulgens","iNat:111702663",49.701883,-123.155812,"2022-04-16",NA,NA,"","false","research",19788
"184","Caloscypha fulgens",153035,"Caloscypha fulgens",NA,"Fungi","Ascomycota","Pezizomycotina",NA,"Pezizomycetes","",NA,"Pezizales",NA,NA,NA,"Caloscyphaceae","","","Caloscypha","fulgens","iNat:111989154",49.783339,-123.14381,"2022-04-18",NA,NA,"judith holm","false","research",8
"185","Caloscypha fulgens",153035,"Caloscypha fulgens",NA,"Fungi","Ascomycota","Pezizomycotina",NA,"Pezizomycetes","",NA,"Pezizales",NA,NA,NA,"Caloscyphaceae","","","Caloscypha","fulgens","iNat:112295232",49.781911,-123.144269,"2022-04-19",NA,NA,"Gwen L'Hirondelle","false","research",NA
"186","Kretzschmaria deusta",128051,"Kretzschmaria deusta",NA,"Fungi","Ascomycota","Pezizomycotina",NA,"Sordariomycetes","Xylariomycetidae",NA,"Xylariales",NA,NA,NA,"Xylariaceae","","","Kretzschmaria","deusta","iNat:112753555",49.398517,-123.356375,"2022-04-24",NA,NA,"Ben Keen","false","research",NA
"187","Mitrula elegans",320702,"Mitrula elegans",NA,"Fungi","Ascomycota","Pezizomycotina",NA,"Leotiomycetes","",NA,"Helotiales",NA,NA,NA,"Mitrulaceae","","","Mitrula","elegans","iNat:112904512",49.710743,-123.117173,"2022-04-25",NA,NA,"judith holm","false","research",NA
"188","Gyromitra esculenta",85120,"Gyromitra esculenta",NA,"Fungi","Ascomycota","Pezizomycotina",NA,"Pezizomycetes","",NA,"Pezizales",NA,NA,NA,"Discinaceae","","","Gyromitra","esculenta","iNat:113163348",49.821483,-123.159164,"2022-04-27",NA,NA,"","false","research",21
"189","Kretzschmaria deusta",128051,"Kretzschmaria deusta",NA,"Fungi","Ascomycota","Pezizomycotina",NA,"Sordariomycetes","Xylariomycetidae",NA,"Xylariales",NA,NA,NA,"Xylariaceae","","","Kretzschmaria","deusta","iNat:113627551",49.373516,-123.289398,"2022-04-29",NA,NA,"Allison McCabe","false","research",313
"190","Mitrula elegans",320702,"Mitrula elegans",NA,"Fungi","Ascomycota","Pezizomycotina",NA,"Leotiomycetes","",NA,"Helotiales",NA,NA,NA,"Mitrulaceae","","","Mitrula","elegans","iNat:113693407",49.741505,-123.125672,"2022-04-24",NA,NA,"Emily Wharin","false","research",2339
"191","Ramularia rubella",384093,"Ramularia rubella",NA,"Fungi","Ascomycota","Pezizomycotina",NA,"Dothideomycetes","Dothideomycetidae",NA,"Capnodiales",NA,NA,NA,"Mycosphaerellaceae","","","Ramularia","rubella","iNat:114073907",49.338462,-123.265934,"2022-04-29",NA,NA,"John Martin","false","research",NA
"192","Caloscypha fulgens",153035,"Caloscypha fulgens",NA,"Fungi","Ascomycota","Pezizomycotina",NA,"Pezizomycetes","",NA,"Pezizales",NA,NA,NA,"Caloscyphaceae","","","Caloscypha","fulgens","iNat:114500732",49.783899,-123.1437,"2022-05-01",NA,NA,"Shawn Schnutgen","false","research",166
"193","Gyromitra esculenta",85120,"Gyromitra esculenta",NA,"Fungi","Ascomycota","Pezizomycotina",NA,"Pezizomycetes","",NA,"Pezizales",NA,NA,NA,"Discinaceae","","","Gyromitra","esculenta","iNat:114535734",49.971313,-123.180047,"2022-04-30",NA,NA,"Stephen Hui","false","research",3
"194","Gyromitra esculenta",85120,"Gyromitra esculenta",NA,"Fungi","Ascomycota","Pezizomycotina",NA,"Pezizomycetes","",NA,"Pezizales",NA,NA,NA,"Discinaceae","","","Gyromitra","esculenta","iNat:116109905",49.883675,-123.185587,"2022-05-07",NA,NA,"Chanel Drouin","false","research",32
"195","Peziza varia",411300,"Peziza varia",NA,"Fungi","Ascomycota","Pezizomycotina",NA,"Pezizomycetes","",NA,"Pezizales",NA,NA,NA,"Pezizaceae","","","Peziza","varia","iNat:117062112",49.376187,-123.276078,"2022-05-14",NA,NA,"","false","research",7
"196","Verpa bohemica",126131,"Verpa bohemica",NA,"Fungi","Ascomycota","Pezizomycotina",NA,"Pezizomycetes","",NA,"Pezizales",NA,NA,NA,"Morchellaceae","","","Verpa","bohemica","iNat:117414467",49.731036,-123.133186,"2022-05-07",NA,NA,"Todd","false","research",3
"197","Ascocoryne sarcoides",49075,"Ascocoryne sarcoides",NA,"Fungi","Ascomycota","Pezizomycotina",NA,"Leotiomycetes","",NA,"Helotiales",NA,NA,NA,"Gelatinodiscaceae","","","Ascocoryne","sarcoides","iNat:118470028",49.704945,-123.135605,"2016-11-10",NA,NA,"","false","research",10
"198","Kretzschmaria deusta",128051,"Kretzschmaria deusta",NA,"Fungi","Ascomycota","Pezizomycotina",NA,"Sordariomycetes","Xylariomycetidae",NA,"Xylariales",NA,NA,NA,"Xylariaceae","","","Kretzschmaria","deusta","iNat:119174178",49.773649,-123.138366,"2022-05-28",NA,NA,"","false","research",134
"199","Scutellinia scutellata",49137,"Scutellinia scutellata",NA,"Fungi","Ascomycota","Pezizomycotina",NA,"Pezizomycetes","",NA,"Pezizales",NA,NA,NA,"Pyronemataceae","","","Scutellinia","scutellata","iNat:119333164",49.724194,-123.133995,"2022-05-29",NA,NA,"","false","research",58
"200","Kretzschmaria deusta",128051,"Kretzschmaria deusta",NA,"Fungi","Ascomycota","Pezizomycotina",NA,"Sordariomycetes","Xylariomycetidae",NA,"Xylariales",NA,NA,NA,"Xylariaceae","","","Kretzschmaria","deusta","iNat:119334036",49.462822,-123.23555,"2022-05-29",NA,NA,"Chloe Shore","false","research",40
"201","Helvella compressa",117997,"Helvella compressa",NA,"Fungi","Ascomycota","Pezizomycotina",NA,"Pezizomycetes","",NA,"Pezizales",NA,NA,NA,"Helvellaceae","","","Helvella","compressa","iNat:119687387",49.350708,-123.261101,"2022-05-31",NA,NA,"","false","research",2601
"202","Caloscypha fulgens",153035,"Caloscypha fulgens",NA,"Fungi","Ascomycota","Pezizomycotina",NA,"Pezizomycetes","",NA,"Pezizales",NA,NA,NA,"Caloscyphaceae","","","Caloscypha","fulgens","iNat:121288255",49.398219,-123.206818,"2022-06-11",NA,NA,"Ben Keen","false","research",229
"203","Kretzschmaria deusta",128051,"Kretzschmaria deusta",NA,"Fungi","Ascomycota","Pezizomycotina",NA,"Sordariomycetes","Xylariomycetidae",NA,"Xylariales",NA,NA,NA,"Xylariaceae","","","Kretzschmaria","deusta","iNat:121535254",49.390585,-123.35178,"2022-06-12",NA,NA,"Ben Keen","false","research",166
"204","Caloscypha fulgens",153035,"Caloscypha fulgens",NA,"Fungi","Ascomycota","Pezizomycotina",NA,"Pezizomycetes","",NA,"Pezizales",NA,NA,NA,"Caloscyphaceae","","","Caloscypha","fulgens","iNat:121884029",49.385958,-123.229858,"2022-06-12",NA,NA,"Oliver Pankratz","false","research",44
"205","Vibrissea truncorum",434762,"Vibrissea truncorum",NA,"Fungi","Ascomycota","Pezizomycotina",NA,"Leotiomycetes","",NA,"Helotiales",NA,NA,NA,"Vibrisseaceae","","","Vibrissea","truncorum","iNat:122566579",49.747041,-122.925843,"2022-06-19",NA,NA,"Ben Keen","false","research",178
"206","Caloscypha fulgens",153035,"Caloscypha fulgens",NA,"Fungi","Ascomycota","Pezizomycotina",NA,"Pezizomycetes","",NA,"Pezizales",NA,NA,NA,"Caloscyphaceae","","","Caloscypha","fulgens","iNat:122566820",49.755063,-122.929992,"2022-06-19",NA,NA,"Ben Keen","false","research",178
"207","Vibrissea truncorum",434762,"Vibrissea truncorum",NA,"Fungi","Ascomycota","Pezizomycotina",NA,"Leotiomycetes","",NA,"Helotiales",NA,NA,NA,"Vibrisseaceae","","","Vibrissea","truncorum","iNat:122566921",49.754406,-122.932029,"2022-06-19",NA,NA,"Ben Keen","false","research",178
"208","Gyromitra esculenta",85120,"Gyromitra esculenta",NA,"Fungi","Ascomycota","Pezizomycotina",NA,"Pezizomycetes","",NA,"Pezizales",NA,NA,NA,"Discinaceae","","","Gyromitra","esculenta","iNat:122566970",49.755282,-122.929594,"2022-06-19",NA,NA,"Ben Keen","false","research",178
"209","Gyromitra esculenta",85120,"Gyromitra esculenta",NA,"Fungi","Ascomycota","Pezizomycotina",NA,"Pezizomycetes","",NA,"Pezizales",NA,NA,NA,"Discinaceae","","","Gyromitra","esculenta","iNat:122570734",49.756394,-122.929603,"2022-06-19",NA,NA,"Ben Keen","false","research",178
"210","Caloscypha fulgens",153035,"Caloscypha fulgens",NA,"Fungi","Ascomycota","Pezizomycotina",NA,"Pezizomycetes","",NA,"Pezizales",NA,NA,NA,"Caloscyphaceae","","","Caloscypha","fulgens","iNat:122597362",49.945564,-123.071525,"2022-06-19",NA,NA,"Todd","false","research",6
"211","Caloscypha fulgens",153035,"Caloscypha fulgens",NA,"Fungi","Ascomycota","Pezizomycotina",NA,"Pezizomycetes","",NA,"Pezizales",NA,NA,NA,"Caloscyphaceae","","","Caloscypha","fulgens","iNat:122597371",49.951142,-123.093619,"2022-06-19",NA,NA,"Todd","false","research",15
"212","Caloscypha fulgens",153035,"Caloscypha fulgens",NA,"Fungi","Ascomycota","Pezizomycotina",NA,"Pezizomycetes","",NA,"Pezizales",NA,NA,NA,"Caloscyphaceae","","","Caloscypha","fulgens","iNat:123031128",49.79372,-123.131897,"2022-04-26",NA,NA,"Celine Perrier","false","research",5037
"213","Verpa conica",118002,"Verpa conica",NA,"Fungi","Ascomycota","Pezizomycotina",NA,"Pezizomycetes","",NA,"Pezizales",NA,NA,NA,"Morchellaceae","","","Verpa","conica","iNat:123033979",49.799717,-123.155992,"2022-04-28",NA,NA,"Celine Perrier","false","research",10
"214","Caloscypha fulgens",153035,"Caloscypha fulgens",NA,"Fungi","Ascomycota","Pezizomycotina",NA,"Pezizomycetes","",NA,"Pezizales",NA,NA,NA,"Caloscyphaceae","","","Caloscypha","fulgens","iNat:123130318",49.401455,-123.209367,"2022-06-23",NA,NA,"Oliver Pankratz","false","research",4
"215","Gyromitra esculenta",85120,"Gyromitra esculenta",NA,"Fungi","Ascomycota","Pezizomycotina",NA,"Pezizomycetes","",NA,"Pezizales",NA,NA,NA,"Discinaceae","","","Gyromitra","esculenta","iNat:123657677",49.74288,-123.086853,"2022-06-26",NA,NA,"Joan Septembre","false","research",3253
"216","Camarops tubulina",1045652,"Camarops tubulina",NA,"Fungi","Ascomycota","Pezizomycotina",NA,"Sordariomycetes","Sordariomycetidae",NA,"Boliniales",NA,NA,NA,"Boliniaceae","","","Camarops","tubulina","iNat:126108513",49.661407,-123.164598,"2022-07-13",NA,NA,"Bobby Valentine","false","research",10
"217","Scutellinia",49138,"Scutellinia",NA,"Fungi","Ascomycota","Pezizomycotina",NA,"Pezizomycetes","",NA,"Pezizales",NA,NA,NA,"Pyronemataceae","","","Scutellinia","","iNat:126282354",49.792163,-123.11998,"2022-07-14",NA,NA,"Chloe Shore","false","research",4
"218","Gyromitra esculenta",85120,"Gyromitra esculenta",NA,"Fungi","Ascomycota","Pezizomycotina",NA,"Pezizomycetes","",NA,"Pezizales",NA,NA,NA,"Discinaceae","","","Gyromitra","esculenta","iNat:126910493",49.947884,-123.082855,"2022-06-27",NA,NA,"Lachlan Gallagher","false","research",NA
"219","Sawadaea bicornis",384220,"Sawadaea bicornis",NA,"Fungi","Ascomycota","Pezizomycotina",NA,"Leotiomycetes","",NA,"Helotiales",NA,NA,NA,"Erysiphaceae","","Cystotheceae","Sawadaea","bicornis","iNat:130036725",49.374828,-123.273445,"2022-08-05",NA,NA,"Steven Hayward","false","research",143
"220","Rhytisma arbuti",487590,"Rhytisma arbuti",NA,"Fungi","Ascomycota","Pezizomycotina",NA,"Leotiomycetes","",NA,"Rhytismatales",NA,NA,NA,"Rhytismataceae","","","Rhytisma","arbuti","iNat:132324876",49.788632,-123.123655,"2022-08-25",NA,NA,"Laura","false","research",5
"221","Rhytisma arbuti",487590,"Rhytisma arbuti",NA,"Fungi","Ascomycota","Pezizomycotina",NA,"Leotiomycetes","",NA,"Rhytismatales",NA,NA,NA,"Rhytismataceae","","","Rhytisma","arbuti","iNat:132467987",49.788692,-123.123681,"2022-08-25",NA,NA,"Chloe Shore","false","research",5
"222","Rhytisma arbuti",487590,"Rhytisma arbuti",NA,"Fungi","Ascomycota","Pezizomycotina",NA,"Leotiomycetes","",NA,"Rhytismatales",NA,NA,NA,"Rhytismataceae","","","Rhytisma","arbuti","iNat:132691391",49.692242,-123.131867,"2022-08-27",NA,NA,"Sean Vanderluit","false","research",25
"223","Aleuria aurantia",48716,"Aleuria aurantia",NA,"Fungi","Ascomycota","Pezizomycotina",NA,"Pezizomycetes","",NA,"Pezizales",NA,NA,NA,"Pyronemataceae","","","Aleuria","aurantia","iNat:141487542",49.728061,-123.072725,"2022-11-08",NA,NA,"","false","research",304
"224","Hypomyces lactifluorum",48215,"Hypomyces lactifluorum",NA,"Fungi","Ascomycota","Pezizomycotina",NA,"Sordariomycetes","Hypocreomycetidae",NA,"Hypocreales",NA,NA,NA,"Hypocreaceae","","","Hypomyces","lactifluorum","iNat:142470871",49.700989,-123.133735,"2022-11-06",NA,NA,"Marie-Pier Girard","false","research",22
"225","Xylaria hypoxylon",55267,"Xylaria hypoxylon",NA,"Fungi","Ascomycota","Pezizomycotina",NA,"Sordariomycetes","Xylariomycetidae",NA,"Xylariales",NA,NA,NA,"Xylariaceae","","","Xylaria","hypoxylon","iNat:142705882",49.334338,-123.261733,"2022-11-23",NA,NA,"Allison McCabe","false","research",25
"226","Rhytisma punctatum",333838,"Rhytisma punctatum",NA,"Fungi","Ascomycota","Pezizomycotina",NA,"Leotiomycetes","",NA,"Rhytismatales",NA,NA,NA,"Rhytismataceae","","","Rhytisma","punctatum","iNat:142925157",49.397233,-123.360086,"2022-11-26",NA,NA,"Ben Keen","false","research",NA
"227","Calycina citrina",955949,"Calycina citrina",NA,"Fungi","Ascomycota","Pezizomycotina",NA,"Leotiomycetes","",NA,"Helotiales",NA,NA,NA,"Pezizellaceae","","","Calycina","citrina","iNat:149295781",49.45573,-123.423355,"2023-02-19",NA,NA,"Lauren Snow","false","research",4
"228","Hypomyces lactifluorum",48215,"Hypomyces lactifluorum",NA,"Fungi","Ascomycota","Pezizomycotina",NA,"Sordariomycetes","Hypocreomycetidae",NA,"Hypocreales",NA,NA,NA,"Hypocreaceae","","","Hypomyces","lactifluorum","iNat:155235346",49.701471,-123.155812,"2022-11-12",NA,NA,"Brendan Delhommeau","false","research",19788
"229","Gyromitra esculenta",85120,"Gyromitra esculenta",NA,"Fungi","Ascomycota","Pezizomycotina",NA,"Pezizomycetes","",NA,"Pezizales",NA,NA,NA,"Discinaceae","","","Gyromitra","esculenta","iNat:157171805",49.33248,-123.266822,"2023-04-24",NA,NA,"Sarah Lamond","false","research",4
"230","Hypomyces lactifluorum",48215,"Hypomyces lactifluorum",NA,"Fungi","Ascomycota","Pezizomycotina",NA,"Sordariomycetes","Hypocreomycetidae",NA,"Hypocreales",NA,NA,NA,"Hypocreaceae","","","Hypomyces","lactifluorum","iNat:161938212",49.772683,-123.150694,"2022-10-12",NA,NA,"","false","research",19788
"231","Helvella acetabulum",57462,"Helvella acetabulum",NA,"Fungi","Ascomycota","Pezizomycotina",NA,"Pezizomycetes","",NA,"Pezizales",NA,NA,NA,"Helvellaceae","","","Helvella","acetabulum","iNat:162241010",49.33393,-123.263358,"2023-05-17",NA,NA,"Allison McCabe","false","research",28
"232","Coccomyces dentatus",464803,"Coccomyces dentatus",NA,"Fungi","Ascomycota","Pezizomycotina",NA,"Leotiomycetes","",NA,"Rhytismatales",NA,NA,NA,"Rhytismataceae","","","Coccomyces","dentatus","iNat:163646105",49.369722,-123.261389,"2023-05-24",NA,NA,"Gavin Petersen","false","research",NA
"233","Hesperomyces virescens",1267749,"Hesperomyces virescens",NA,"Fungi","Ascomycota","Pezizomycotina",NA,"Laboulbeniomycetes","",NA,"Laboulbeniales",NA,NA,NA,"Laboulbeniaceae","","","Hesperomyces","virescens","iNat:167315872",49.392257,-123.32362,"2023-05-27",NA,NA,"Peter Abrahamsen","false","research",89
"234","Hypomyces lactifluorum",48215,"Hypomyces lactifluorum",NA,"Fungi","Ascomycota","Pezizomycotina",NA,"Sordariomycetes","Hypocreomycetidae",NA,"Hypocreales",NA,NA,NA,"Hypocreaceae","","","Hypomyces","lactifluorum","iNat:169075805",49.774025,-123.155342,"2019-08-03",NA,NA,"","false","research",1685
"235","Hypomyces lactifluorum",48215,"Hypomyces lactifluorum",NA,"Fungi","Ascomycota","Pezizomycotina",NA,"Sordariomycetes","Hypocreomycetidae",NA,"Hypocreales",NA,NA,NA,"Hypocreaceae","","","Hypomyces","lactifluorum","iNat:177462228",49.888805,-123.165419,"2021-10-10",NA,NA,"","false","research",6279
"236","Scutellinia scutellata",49137,"Scutellinia scutellata",NA,"Fungi","Ascomycota","Pezizomycotina",NA,"Pezizomycetes","",NA,"Pezizales",NA,NA,NA,"Pyronemataceae","","","Scutellinia","scutellata","iNat:179272288",49.452038,-123.227447,"2023-08-19",NA,NA,"","false","research",66
"237","Gyromitra esculenta",85120,"Gyromitra esculenta",NA,"Fungi","Ascomycota","Pezizomycotina",NA,"Pezizomycetes","",NA,"Pezizales",NA,NA,NA,"Discinaceae","","","Gyromitra","esculenta","iNat:179662304",49.356493,-123.238908,"2022-04-18",NA,NA,"","false","research",289
"238","Hypomyces lactifluorum",48215,"Hypomyces lactifluorum",NA,"Fungi","Ascomycota","Pezizomycotina",NA,"Sordariomycetes","Hypocreomycetidae",NA,"Hypocreales",NA,NA,NA,"Hypocreaceae","","","Hypomyces","lactifluorum","iNat:180574470",49.821805,-123.14387,"2023-08-27",NA,NA,"","false","research",307
"239","Erysiphe vanbruntiana sambuci-racemosae",1277188,"Erysiphe vanbruntiana sambuci-racemosae",NA,"Fungi","Ascomycota","Pezizomycotina",NA,"Leotiomycetes","",NA,"Helotiales",NA,NA,NA,"Erysiphaceae","","Erysipheae","Erysiphe","vanbruntiana","iNat:180745360",49.781697,-123.120382,"2023-08-26",NA,NA,"Cole Gaerber","false","research",15
"240","Rhytisma arbuti",487590,"Rhytisma arbuti",NA,"Fungi","Ascomycota","Pezizomycotina",NA,"Leotiomycetes","",NA,"Rhytismatales",NA,NA,NA,"Rhytismataceae","","","Rhytisma","arbuti","iNat:181756281",49.776493,-123.117012,"2023-08-12",NA,NA,"John D Reynolds","false","research",5
"241","Taphrina populi-salicis",334459,"Taphrina populi-salicis",NA,"Fungi","Ascomycota","Taphrinomycotina",NA,"Taphrinomycetes","",NA,"Taphrinales",NA,NA,NA,"Taphrinaceae","","","Taphrina","populi-salicis","iNat:181824438",49.37837,-123.193003,"2023-09-04",NA,NA,"Radu Scurtescu","false","research",NA
"242","Hypomyces lactifluorum",48215,"Hypomyces lactifluorum",NA,"Fungi","Ascomycota","Pezizomycotina",NA,"Sordariomycetes","Hypocreomycetidae",NA,"Hypocreales",NA,NA,NA,"Hypocreaceae","","","Hypomyces","lactifluorum","iNat:182069108",49.415303,-123.496863,"2023-09-04",NA,NA,"Matthew S.","false","research",102
"243","Hypomyces lactifluorum",48215,"Hypomyces lactifluorum",NA,"Fungi","Ascomycota","Pezizomycotina",NA,"Sordariomycetes","Hypocreomycetidae",NA,"Hypocreales",NA,NA,NA,"Hypocreaceae","","","Hypomyces","lactifluorum","iNat:182069129",49.414903,-123.4971,"2023-09-04",NA,NA,"Matthew S.","false","research",17
"244","Rhytisma punctatum",333838,"Rhytisma punctatum",NA,"Fungi","Ascomycota","Pezizomycotina",NA,"Leotiomycetes","",NA,"Rhytismatales",NA,NA,NA,"Rhytismataceae","","","Rhytisma","punctatum","iNat:182155603",49.713238,-123.122786,"2023-09-06",NA,NA,"Tiffany Brunke","false","research",4
"245","Coccomyces dentatus",464803,"Coccomyces dentatus",NA,"Fungi","Ascomycota","Pezizomycotina",NA,"Leotiomycetes","",NA,"Rhytismatales",NA,NA,NA,"Rhytismataceae","","","Coccomyces","dentatus","iNat:184211721",49.366389,-123.254167,"2023-09-20",NA,NA,"Gavin Petersen","false","research",NA
"246","Xylaria hypoxylon",55267,"Xylaria hypoxylon",NA,"Fungi","Ascomycota","Pezizomycotina",NA,"Sordariomycetes","Xylariomycetidae",NA,"Xylariales",NA,NA,NA,"Xylariaceae","","","Xylaria","hypoxylon","iNat:184653468",49.776488,-123.119842,"2023-09-20",NA,NA,"Tiffany Brunke","false","research",4
"247","Xylaria hypoxylon",55267,"Xylaria hypoxylon",NA,"Fungi","Ascomycota","Pezizomycotina",NA,"Sordariomycetes","Xylariomycetidae",NA,"Xylariales",NA,NA,NA,"Xylariaceae","","","Xylaria","hypoxylon","iNat:185189581",49.473219,-123.222633,"2023-09-26",NA,NA,"judith holm","false","research",8
"248","Neofusicoccum arbuti",701905,"Neofusicoccum arbuti",NA,"Fungi","Ascomycota","Pezizomycotina",NA,"Dothideomycetes","",NA,"Botryosphaeriales",NA,NA,NA,"Botryosphaeriaceae","","","Neofusicoccum","arbuti","iNat:185678459",49.331165,-123.26564,"2023-09-30",NA,NA,"Jackson W.F. Chu","false","research",NA
"249","Aleuria aurantia",48716,"Aleuria aurantia",NA,"Fungi","Ascomycota","Pezizomycotina",NA,"Pezizomycetes","",NA,"Pezizales",NA,NA,NA,"Pyronemataceae","","","Aleuria","aurantia","iNat:185856598",49.746813,-123.128495,"2023-09-24",NA,NA,"Nathan Earley","false","research",4
"250","Helvella vespertina",423950,"Helvella vespertina",NA,"Fungi","Ascomycota","Pezizomycotina",NA,"Pezizomycetes","",NA,"Pezizales",NA,NA,NA,"Helvellaceae","","","Helvella","vespertina","iNat:186232728",49.46095,-123.218972,"2023-09-30",NA,NA,"","false","research",1771
"251","Aleuria aurantia",48716,"Aleuria aurantia",NA,"Fungi","Ascomycota","Pezizomycotina",NA,"Pezizomycetes","",NA,"Pezizales",NA,NA,NA,"Pyronemataceae","","","Aleuria","aurantia","iNat:186314971",49.820675,-123.179375,"2023-10-05",NA,NA,"Elora Jane","false","research",19
"252","Xylaria hypoxylon",55267,"Xylaria hypoxylon",NA,"Fungi","Ascomycota","Pezizomycotina",NA,"Sordariomycetes","Xylariomycetidae",NA,"Xylariales",NA,NA,NA,"Xylariaceae","","","Xylaria","hypoxylon","iNat:186354499",49.33822,-123.264555,"2023-10-05",NA,NA,"Allison McCabe","false","research",344
"253","Xylaria hypoxylon",55267,"Xylaria hypoxylon",NA,"Fungi","Ascomycota","Pezizomycotina",NA,"Sordariomycetes","Xylariomycetidae",NA,"Xylariales",NA,NA,NA,"Xylariaceae","","","Xylaria","hypoxylon","iNat:187391309",49.670764,-123.158258,"2023-10-13",NA,NA,"Kylie McCracken","false","research",NA
"254","Hypomyces lactifluorum",48215,"Hypomyces lactifluorum",NA,"Fungi","Ascomycota","Pezizomycotina",NA,"Sordariomycetes","Hypocreomycetidae",NA,"Hypocreales",NA,NA,NA,"Hypocreaceae","","","Hypomyces","lactifluorum","iNat:187531532",49.787562,-123.135831,"2023-10-14",NA,NA,"Jerzy Swic","false","research",4
"255","Hypomyces lactifluorum",48215,"Hypomyces lactifluorum",NA,"Fungi","Ascomycota","Pezizomycotina",NA,"Sordariomycetes","Hypocreomycetidae",NA,"Hypocreales",NA,NA,NA,"Hypocreaceae","","","Hypomyces","lactifluorum","iNat:187543995",49.778659,-123.1556,"2023-10-14",NA,NA,"","false","research",77
"256","Hypomyces lactifluorum",48215,"Hypomyces lactifluorum",NA,"Fungi","Ascomycota","Pezizomycotina",NA,"Sordariomycetes","Hypocreomycetidae",NA,"Hypocreales",NA,NA,NA,"Hypocreaceae","","","Hypomyces","lactifluorum","iNat:187579233",49.398111,-123.359006,"2023-10-14",NA,NA,"Ben Keen","false","research",NA
"257","Xylaria hypoxylon",55267,"Xylaria hypoxylon",NA,"Fungi","Ascomycota","Pezizomycotina",NA,"Sordariomycetes","Xylariomycetidae",NA,"Xylariales",NA,NA,NA,"Xylariaceae","","","Xylaria","hypoxylon","iNat:187697906",49.344889,-123.400747,"2023-10-15",NA,NA,"Ben Keen","false","research",NA
"258","Ascocoryne sarcoides",49075,"Ascocoryne sarcoides",NA,"Fungi","Ascomycota","Pezizomycotina",NA,"Leotiomycetes","",NA,"Helotiales",NA,NA,NA,"Gelatinodiscaceae","","","Ascocoryne","sarcoides","iNat:101546284",49.710621,-123.143471,"2021-11-17",NA,NA,"Randal","false","needs_id",31
"259","Ascocoryne sarcoides",49075,"Ascocoryne sarcoides",NA,"Fungi","Ascomycota","Pezizomycotina",NA,"Leotiomycetes","",NA,"Helotiales",NA,NA,NA,"Gelatinodiscaceae","","","Ascocoryne","sarcoides","iNat:101546292",49.710496,-123.143449,"2021-11-17",NA,NA,"Randal","false","needs_id",90
"260","Jackrogersella",895017,"Jackrogersella",NA,"Fungi","Ascomycota","Pezizomycotina",NA,"Sordariomycetes","Xylariomycetidae",NA,"Xylariales",NA,NA,NA,"Hypoxylaceae","","","Jackrogersella","","iNat:101546312",49.758228,-123.157034,"2021-11-17",NA,NA,"Randal","false","needs_id",82
"261","Zythia resinae",1225577,"Zythia resinae",NA,"Fungi","Ascomycota","Pezizomycotina",NA,"Lichinomycetes","",NA,"Sareales",NA,NA,NA,"Zythiaceae","","","Zythia","resinae","iNat:149207330",49.370262,-123.27439,"2023-02-19",NA,NA,"Randal","false","needs_id",NA
