Family,Full Species,iNat Taxon,Infra taxa,Habitat,Islands,"Island Size (min, max)",Typical Cover,Date First Seen,Date Last Seen,Notes
Alismataceae,Alisma triviale Pursh,Alisma triviale,,Wetland,1,,,,,
Amaranthaceae,Amaranthus blitoides S. Watson*,Amaranthus blitoides,,Open,1,,,,,
Amaranthaceae,Amaranthus powellii S. Watson*,Amaranthus powellii,,Open,1,,,,,
Amaranthaceae,Atriplex dioica Raf.,Atriplex dioica,,Shoreline,87,,,,,
Amaranthaceae,Atriplex gmelinii C.A. Mey. ex Bong.,Atriplex gmelinii,var. gmelinii,Shoreline,26,,,,,
Amaranthaceae,Atriplex littoralis L.*,Atriplex littoralis,,Shoreline,1,,,,,
Amaranthaceae,Atriplex patula L.*,Atriplex patula,,Shoreline,5,,,,,
Amaranthaceae,Atriplex prostrata Boucher ex DC.*,Atriplex prostrata,,Shoreline,40,,,,,
Amaranthaceae,"Chenopodiastrum murale (L.) S. Fuentes, Uotila & Borsch*",Chenopodiastrum murale,,Open,1,,,,,
Amaranthaceae,Chenopodium berlandieri Moq.,Chenopodium berlandieri zschackei,var. zschackei,Shoreline,19,,,,,
Amaranthaceae,Chenopodium leptophyllum (Moq.) Nutt. ex S. Watson,Chenopodium leptophyllum,var. leptophyllum,Open,1,,,,,
Amaranthaceae,Chenopodium macrospermum Hook.f,Chenopodium macrospermum,,Wetland,1,,,,,
Amaranthaceae,"Oxybasis rubra (L.) S. Fuentes, Uotila & Borsch",Oxybasis rubra,,Shoreline,2,,,,,
Amaranthaceae,Salicornia depressa Standl.,Salicornia depressa,,Shoreline,3,,,,,
Amaranthaceae,Salicornia pacifica Standl.,Salicornia pacifica,,Shoreline,54,,,,,
Amaranthaceae,Sarcocornia pacifica Standl.,Salicornia pacifica,,Shoreline,5,,,,,
Amaryllidaceae,Allium acuminatum Hook.,Allium acuminatum,,Open,97,,,,,
Amaryllidaceae,Allium amplectens Torr.,Allium amplectens,,Open,2,,,,,
Amaryllidaceae,Allium cernuum Roth,Allium cernuum,,Shoreline,74,,,,,
Amaryllidaceae,Allium sativum L.*,Allium sativum,,Open,2,,,,,
Amaryllidaceae,Allium vineale L.*,Allium vineale,,Open,2,,,,,
Amaryllidaceae,Narcissus poeticus L.*,Narcissus poeticus,,Open,5,,,,,
Amaryllidaceae,Narcissus pseudonarcissus L.*,Narcissus pseudonarcissus,,Forest,8,,,,,
Apiaceae,Angelica genuflexa Nutt.,Angelica genuflexa,,Wetland,1,,,,,
Apiaceae,Angelica lucida L.,Angelica lucida,,Shoreline,2,,,,,
Apiaceae,Anthriscus caucalis M. Bieb.*,Anthriscus caucalis,,Open,20,,,,,
Apiaceae,Carum carvi L.*,Carum carvi,,Open,1,,,,,
Apiaceae,Cicuta douglasii (DC.) J.M. Coult. & Rose,Cicuta douglasii,,Wetland,2,,,,,
Apiaceae,Conioselinum pacificum (S. Watson) J.M. Coult. & Rose,Conioselinum gmelinii,,Wetland,30,,,,,
Apiaceae,Conium maculatum L.*,Conium maculatum,,Open,3,,,,,
Apiaceae,Daucus carota L.*,Daucus carota,,Open,6,,,,,
Apiaceae,Daucus pusillus Michx.,Daucus pusillus,,Open,20,,,,,
Apiaceae,Foeniculum vulgare Mill.*,Foeniculum vulgare,,Open,3,,,,,
Apiaceae,Glehnia leiocarpa Mathias,Glehnia littoralis leiocarpa,,Shoreline,1,,,,,
Apiaceae,Heracleum mantegazzianum Sommier & Levier*,Heracleum mantegazzianum,,Forest,3,,,,,
Apiaceae,Heracleum maximum Bartr.,Heracleum maximum,,Open,21,,,,,
Apiaceae,Lilaeopsis occidentalis J.M. Coult. & Rose,Lilaeopsis occidentalis,,Shoreline,2,,,,,
Apiaceae,Lomatium nudicaule (Pursh) J.M. Coult. & Rose,Lomatium nudicaule,,Open,43,,,,,
Apiaceae,Lomatium utriculatum (Nutt. ex Torr. & A. Gray) J.M. Coult. & Rose,Lomatium utriculatum,,Open,29,,,,,
Apiaceae,Oenanthe sarmentosa C. Presl ex DC.,Oenanthe sarmentosa,,Wetland,12,,,,,
Apiaceae,Osmorhiza berteroi DC.,Osmorhiza berteroi,,Forest,29,,,,,
Apiaceae,Osmorhiza purpurea (J.M. Coult. & Rose) Suksd.,Osmorhiza purpurea,,Forest,4,,,,,
Apiaceae,Perideridia montana (Blank.) Dorn,Perideridia gairdneri,,Open,5,,,,,
Apiaceae,Petroselinum crispum (Mill.) Fuss*,Petroselinum crispum,,Open,2,,,,,
Apiaceae,Pimpinella saxifraga L.*,Pimpinella saxifraga nigra,ssp. nigra,Open,1,,,,,
Apiaceae,Sanicula bipinnatifida Douglas ex Hook.,Sanicula bipinnatifida,,Open,12,,,,,
Apiaceae,Sanicula crassicaulis Poepp. ex DC.,Sanicula crassicaulis crassicaulis,var. crassicaulis,Open,78,,,,,
Apiaceae,Sium suave Walter,Sium suave,,Wetland,1,,,,,
Apiaceae,Torilis arvensis (Huds.) Link*,Torilis arvensis arvensis,ssp. arvensis,Open,7,,,,,
Apiaceae,Yabea microcarpa (Hook. & Arn.) Koso-Pol.,Yabea microcarpa,,Wetland,1,,,,,
Apocynaceae,Apocynum androsaemifolium L.,Apocynum androsaemifolium,,Open,2,,,,,
Apocynaceae,Vinca major L.*,Vinca major,,Forest,5,,,,,
Apocynaceae,Vinca minor L.*,Vinca minor,,Forest,1,,,,,
Aquifoliaceae,Ilex aquifolium L.*,Ilex aquifolium,,Open,24,,,,,
Araceae,Arum italicum Mill.*,Arum italicum,,Forest,3,,,,,
Araceae,Lemna minor L.,Lemna minor,,Wetland,2,,,,,
Araceae,Lemna trisulca L.,Lemna trisulca,,Wetland,3,,,,,
Araceae,Lemna turionifera Landolt,Lemna turionifera,,Wetland,8,,,,,
Araceae,Lysichiton americanus Hulten & H. St. John,Lysichiton americanus,,Wetland,5,,,,,
Araceae,Spirodela polyrhiza (L.) Schleid.,Spirodela polyrhiza,,Wetland,3,,,,,
Araceae,"Wolffia borealis (Engelm.) Landolt & Wildi ex Gandhi, Wiersema & Brouillet",Wolffia borealis,,Wetland,2,,,,,
Araceae,Wolffia columbiana H. Karsten,Wolffia columbiana,,Wetland,2,,,,,
Araliaceae,Hedera helix L.*,Hedera helix,,Forest,8,,,,,
Araliaceae,Hedera hibernica (G. Kirchn.) Bean*,Hedera hibernica,,Forest,21,,,,,
Aristolochiaceae,Asarum caudatum Lindl.,Asarum caudatum,,Forest,2,,,,,
Asparagaceae,Asparagus officinalis L.*,Asparagus officinalis,,Open,5,,,,,
Asparagaceae,Brodiaea coronaria (Salisb.) Engl.,Brodiaea coronaria,,Open,62,,,,,
Asparagaceae,Brodiaea rosea (Greene) Baker,Brodiaea coronaria rosea,var. rosea,Open,5,,,,,
Asparagaceae,Camassia leichtlinii (Baker) S. Watson,Camassia leichtlinii suksdorfii,ssp. suksdorfii,Open,95,,,,,
Asparagaceae,Camassia quamash (Pursh) Greene,Camassia quamash maxima,ssp. maxima,Open,15,,,,,
Asparagaceae,Dichelostemma congestum (Sm.) Kunth,Dichelostemma congestum,,Open,1,,,,,
Asparagaceae,Hyacinthoides x massartiana Heist. ex Fabr.*,Hyacinthoides × massartiana,,Open,9,,,,,
Asparagaceae,Maianthemum dilatatum (Alph. Wood) A. Nelson & J.F. Macbr.,Maianthemum dilatatum,,Forest,16,,,,,
Asparagaceae,Maianthemum racemosum (L.) Link,Maianthemum racemosum amplexicaule,ssp. amplexicaule,Forest,16,,,,,
Asparagaceae,Maianthemum stellatum (L.) Link,Maianthemum stellatum,,Forest,7,,,,,
Asparagaceae,Muscari armeniacum Leichtlin ex Baker*,Muscari armeniacum,,Open,2,,,,,
Asparagaceae,Ornithogalum umbellatum L.*,Ornithogalum umbellatum,,Open,1,,,,,
Asparagaceae,Scilla forbesii (Baker) Speta*,Scilla forbesii,,Open,1,,,,,
Asparagaceae,Triteleia grandiflora Lindl.,Triteleia grandiflora,var. howellii,Open,10,,,,,
Asparagaceae,Triteleia hyacinthina (Lindl.) Greene,Triteleia hyacinthina,,Open,23,,,,,
Aspleniaceae,Asplenium trichomanes L.,Asplenium trichomanes trichomanes,ssp. trichomanes,Open,4,,,,,
Asteraceae,Achillea millefolium L.,Achillea millefolium,,Open,107,,,,,
Asteraceae,Adenocaulon bicolor Hook.,Adenocaulon bicolor,,Forest,9,,,,,
Asteraceae,Agoseris grandiflora (Nutt.) Greene,Agoseris grandiflora,"ssp. grandiflora, ssp. leptophylla",Open,20,,,,,
Asteraceae,Agoseris heterophylla (Nutt.) Greene,Agoseris heterophylla heterophylla,var. heterophylla,Open,3,,,,,
Asteraceae,Ambrosia chamissonis (Less.) Greene,Ambrosia chamissonis,,Shoreline,38,,,,,
Asteraceae,Anaphalis margaritacea (L.) Benth. & Hook. f.,Anaphalis margaritacea,,Open,12,,,,,
Asteraceae,Anisocarpus madioides Nutt.,Anisocarpus madioides,,Forest,20,,,,,
Asteraceae,Antennaria racemosa Hook.,Antennaria racemosa,,Open,1,,,,,
Asteraceae,Anthemis cotula L.*,Anthemis cotula,,Open,2,,,,,
Asteraceae,Arctium minus (Hill) Bernh.*,Arctium minus,,Open,4,,,,,
Asteraceae,Artemisia campestris L.,Artemisia campestris pacifica,var. scouleriana,Open,17,,,,,
Asteraceae,Artemisia suksdorfii Piper,Artemisia suksdorfii,,Open,5,,,,,
Asteraceae,Artemisia vulgaris L.*,Artemisia vulgaris,,Open,1,,,,,
Asteraceae,Bellis perennis L.*,Bellis perennis,,Open,23,,,,,
Asteraceae,Bidens beckii Torr. ex Spreng.,Bidens beckii,,Wetland,1,,,,,
Asteraceae,Bidens frondosa L.,Bidens frondosa,,Shoreline,1,,,,,
Asteraceae,Calendula officinalis L.*,Calendula officinalis,,Open,1,,,,,
Asteraceae,Carduus nutans L.*,Carduus nutans,,Open,1,,,,,
Asteraceae,Centaurea cyanus L.*,Centaurea cyanus,,Open,2,,,,,
Asteraceae,Centaurea diffusa Lam.*,Centaurea diffusa,,Open,1,,,,,
Asteraceae,Centaurea gerstlaueri Erdner*,Centaurea gerstlaueri,,Open,3,,,,,
Asteraceae,Centaurea jacea L.*,Centaurea jacea,,Open,2,,,,,
Asteraceae,Centaurea melitensis L.*,Centaurea melitensis,,Open,2,,,,,
Asteraceae,Centaurea montana L.*,Centaurea montana,,Open,1,,,,,
Asteraceae,Centaurea stoebe L.*,Centaurea stoebe australis,ssp. australis,Open,3,,,,,
Asteraceae,Centaurea varnensis Velen.*,Centaurea varnensis,,Open,1,,,,,
Asteraceae,Cichorium intybus L.*,Cichorium intybus,,Open,2,,,,,
Asteraceae,Cirsium arvense (L.) Scop.*,Cirsium arvense,,Open,32,,,,,
Asteraceae,Cirsium brevistylum Cronquist,Cirsium brevistylum,,Forest,7,,,,,
Asteraceae,Cirsium vulgare (Savi) Ten.*,Cirsium vulgare,,Open,67,,,,,
Asteraceae,Conyza canadensis (L.) Cronquist,Erigeron canadensis,,Open,3,,,,,
Asteraceae,Coreopsis grandiflora x C. lanceolata *,Coreopsis grandiflora,,Open,1,,,,,
Asteraceae,Coreopsis lanceolata L.*,Coreopsis lanceolata,,Open,2,,,,,
Asteraceae,Cotula coronopifolia L.*,Cotula coronopifolia,,Shoreline,2,,,,,
Asteraceae,Crepis capillaris (L.) Wallr.*,Crepis capillaris,,Open,10,,,,,
Asteraceae,Crepis nicaeensis Balbis ex Pers.*,Crepis nicaeensis,,Open,1,,,,,
Asteraceae,Crocidium multicaule Hook.,Crocidium multicaule,,Open,2,,,,,
Asteraceae,Erigeron philadelphicus L.,Erigeron philadelphicus,,Forest,1,,,,,
Asteraceae,Erigeron speciosus (Lindl.) DC.,Erigeron speciosus,,Open,1,,,,,
Asteraceae,Eriophyllum lanatum (Pursh) J. Forbes,Eriophyllum lanatum,"var. lanatum, var. leucophyllum",Open,33,,,,,
Asteraceae,Filago arvensis L.*,Filago arvensis,,Open,1,,,,,
Asteraceae,Filago vulgaris Lam.*,Filago germanica,,Open,4,,,,,
Asteraceae,Gamochaeta ustulata (Nutt.) Holub,Gamochaeta ustulata,,Open,26,,,,,
Asteraceae,Gnaphalium palustre Nutt.,Gnaphalium palustre,,Open,4,,,,,
Asteraceae,Gnaphalium uliginosum L.*,Gnaphalium uliginosum,,Open,4,,,,,
Asteraceae,Grindelia integrifolia DC.,Grindelia integrifolia,,Shoreline,143,,,,,
Asteraceae,Hemizonella minima (A. Gray) A. Gray,Hemizonella minima,,Open,1,,,,,
Asteraceae,Hieracium albiflorum Hook.,Hieracium albiflorum,,Forest,31,,,,,
Asteraceae,Hieracium aurantiacum L.*,Pilosella aurantiaca,,Open,2,,,,,
Asteraceae,Hieracium caespitosum Dumort.*,Pilosella caespitosa,,Open,2,,,,,
Asteraceae,Hieracium flagellare Willd.*,Pilosella flagellaris,,Open,1,,,,,
Asteraceae,Hieracium stoloniflorum Waldst. & Kit.*,Pilosella stoloniflora,,Open,1,,,,,
Asteraceae,Hypochaeris glabra L.*,Hypochaeris glabra,,Open,24,,,,,
Asteraceae,Hypochaeris radicata L.*,Hypochaeris radicata,,Open,88,,,,,
Asteraceae,Jacobaea maritima (L.) Pelser & Meijden,Jacobaea maritima,,Open,1,,,,,
Asteraceae,Jacobaea maritima x J. vulgaris *,Jacobaea maritima,,Open,1,,,,,
Asteraceae,Jacobaea vulgaris Gaertn.*,Jacobaea vulgaris,,Open,14,,,,,
Asteraceae,Jaumea carnosa (Less.) A. Gray,Jaumea carnosa,,Shoreline,4,,,,,
Asteraceae,Lactuca ludoviciana (Nutt.) Riddell,Lactuca ludoviciana,,Open,1,,,,,
Asteraceae,Lactuca serriola L.*,Lactuca serriola,,Open,9,,,,,
Asteraceae,Lapsana communis L.*,Lapsana communis,,Open,13,,,,,
Asteraceae,Leontodon autumnalis L.*,Scorzoneroides autumnalis,,Open,4,,,,,
Asteraceae,Leontodon saxatilis Lam.*,Leontodon saxatilis saxatilis,ssp. saxatilis,Open,4,,,,,
Asteraceae,Leucanthemum maximum (Ramond) DC.*,Leucanthemum maximum,,Open,1,,,,,
Asteraceae,Leucanthemum vulgare Lam.*,Leucanthemum vulgare,,Open,7,,,,,
Asteraceae,Logfia minima (Sm.) Dumort.*,Logfia minima,,Open,2,,,,,
Asteraceae,Madia exigua (Sm.) A. Gray,Madia exigua,,Open,4,,,,,
Asteraceae,Madia glomerata Hook.,Madia glomerata,,Open,1,,,,,
Asteraceae,Madia gracilis (Sm.) D.D. Keck,Madia gracilis,,Open,9,,,,,
Asteraceae,Madia sativa Molina,Madia sativa,,Open,5,,,,,
Asteraceae,Matricaria discoidea DC.,Matricaria discoidea,,Open,6,,,,,
Asteraceae,Mauranthemum paludosum (Poir.) Vogt & Oberpr.*,Mauranthemum paludosum,,Open,1,,,,,
Asteraceae,Microseris bigelovii (A. Gray) Sch. Bip.,Microseris bigelovii,,Open,2,,,,,
Asteraceae,Mycelis muralis (L.) Dumort.*,Mycelis muralis,,Forest,28,,,,,
Asteraceae,Packera indecora (Greene) Á. Löve & D. Löve,Packera indecora,,Open,1,,,,,
Asteraceae,Packera macounii (Greene) W.A. Weber & Á. Löve,Packera macounii,,Open,4,,,,,
Asteraceae,Petasites frigidus (L.) Fr.,Petasites frigidus palmatus,var. palmatus,Wetland,1,,,,,
Asteraceae,Pseudognaphalium stramineum (Kunth) Anderb.,Pseudognaphalium stramineum,,Open,6,,,,,
Asteraceae,Pseudognaphalium thermale (E.E. Nelson) G.L. Nesom,Pseudognaphalium thermale,,Open,6,,,,,
Asteraceae,Psilocarphus tenellus Nutt.,Psilocarphus tenellus,,Open,1,,,,,
Asteraceae,Senecio sylvaticus L.*,Senecio sylvaticus,,Open,12,,,,,
Asteraceae,Senecio vulgaris L.*,Senecio vulgaris,,Open,60,,,,,
Asteraceae,Sericocarpus rigidus Lindl.,Sericocarpus rigidus,,Open,1,,,,,
Asteraceae,Solidago elongata Nutt.,Solidago elongata,,Open,2,,,,,
Asteraceae,Solidago lepida DC.,Solidago lepida salebrosa,var. salebrosa,Open,12,,,,,
Asteraceae,Solidago simplex Kunth,Solidago simplex,"var. nana, var. simplex",Open,2,,,,,
Asteraceae,Soliva sessilis Ruiz & Pav.*,Soliva sessilis,,Open,12,,,,,
Asteraceae,Sonchus arvensis L.*,Sonchus arvensis arvensis,ssp. arvensis,Open,16,,,,,
Asteraceae,Sonchus asper (L.) Hill*,Sonchus asper asper,ssp. asper,Open,71,,,,,
Asteraceae,Sonchus oleraceus L.*,Sonchus oleraceus,,Open,102,,,,,
Asteraceae,Symphyotrichum boreale (Torr. & A. Gray) Á. Löve & D. Löve,Symphyotrichum boreale,,Wetland,1,,,,,
Asteraceae,Symphyotrichum subspicatum (Nees) G.L. Nesom,Symphyotrichum subspicatum,,Open,6,,,,,
Asteraceae,Tanacetum balsamita L.*,Tanacetum balsamita,,Open,1,,,,,
Asteraceae,Tanacetum parthenium (L.) Sch. Bip.*,Tanacetum parthenium,,Open,2,,,,,
Asteraceae,Tanacetum vulgare L.*,Tanacetum vulgare,,Open,3,,,,,
Asteraceae,Taraxacum erythrospermum Andrz. ex Besser*,Taraxacum erythrospermum,,Open,14,,,,,
Asteraceae,Taraxacum officinale F.H. Wigg.*,Taraxacum officinale,,Open,68,,,,,
Asteraceae,Tragopogon dubius Scop.*,Tragopogon dubius,,Open,4,,,,,
Asteraceae,Tragopogon porrifolius L.*,Tragopogon porrifolius,,Open,4,,,,,
Asteraceae,Tragopogon pratensis L.*,Tragopogon pratensis,,Open,1,,,,,
Asteraceae,Tripleurospermum inodorum (L.) Sch. Bip.*,Tripleurospermum inodorum,,Open,4,,,,,
Athyriaceae,Athyrium filix-femina (L.) Roth ex Mertens,Athyrium filix-femina cyclosorum,ssp. cyclosorum,Forest,19,,,,,
Berberidaceae,Berberis aquifolium (Pursh) Nutt.,Berberis aquifolium,,Open,87,,,,,
Berberidaceae,Berberis nervosa (Pursh) Nutt.,Berberis nervosa,,Forest,20,,,,,
Betulaceae,Alnus rubra Bong.,Alnus rubra,,Forest,18,,,,,
Betulaceae,Alnus viridis (Chaix) DC.,Alnus alnobetula sinuata,ssp. sinuata,Forest,8,,,,,
Betulaceae,Betula papyrifera Marshall,Betula papyrifera,,Forest,5,,,,,
Betulaceae,Betula pendula Roth*,Betula pendula,,Forest,1,,,,,
Betulaceae,Corylus cornuta Marshall,Corylus cornuta californica,ssp. californica,Forest,3,,,,,
Blechnaceae,Struthiopteris spicant (L.) Weiss,Struthiopteris spicant,,Forest,5,,,,,
Boraginaceae,Amsinckia intermedia Fisch. & C.A. Mey.,Amsinckia menziesii intermedia,,Open,3,,,,,
Boraginaceae,Amsinckia menziesii (Lehm.) A. Nelson & J.F. Macbr.,Amsinckia menziesii menziesii,,Open,12,,,,,
Boraginaceae,Amsinckia spectabilis Fisch. & C.A. Mey.,Amsinckia spectabilis spectabilis,var. spectabilis,Open,5,,,,,
Boraginaceae,Anchusa azurea Mill.*,Anchusa azurea,,Open,2,,,,,
Boraginaceae,Anchusa officinalis L.*,Anchusa officinalis,,Open,1,,,,,
Boraginaceae,Borago officinalis L.*,Borago officinalis,,Open,1,,,,,
Boraginaceae,Buglossoides arvensis (L.) I.M. Johnst.*,Buglossoides arvensis,,Open,1,,,,,
Boraginaceae,Lycopsis arvensis L.*,Anchusa arvensis,,Open,1,,,,,
Boraginaceae,Myosotis arvensis (L.) Hill*,Myosotis arvensis,,Open,4,,,,,
Boraginaceae,Myosotis discolor Pers.*,Myosotis discolor,,Open,43,,,,,
Boraginaceae,Myosotis latifolia Poir.*,Myosotis latifolia,,Open,1,,,,,
Boraginaceae,Myosotis laxa Lehm.,Myosotis laxa,,Wetland,4,,,,,
Boraginaceae,Myosotis stricta Link ex Roem. & Schult.*,Myosotis stricta,,Open,12,,,,,
Boraginaceae,Myosotis sylvatica Ehrh. ex Hoffm.*,Myosotis sylvatica,,Forest,1,,,,,
Boraginaceae,Nemophila parviflora Douglas ex Benth.,Nemophila parviflora,"var. parviflora, var. austiniae",Forest,14,,,,,
Boraginaceae,Nemophila pedunculata Douglas ex Benth.,Nemophila pedunculata,,Forest,1,,,,,
Boraginaceae,Pentaglottis sempervirens (L.) Tausch ex L.H. Bailey*,Pentaglottis sempervirens,,Forest,1,,,,,
Boraginaceae,Phacelia linearis (Pursh) Holz.,Phacelia linearis,,Open,1,,,,,
Boraginaceae,Plagiobothrys scouleri (Hook. & Arn.) I.M. Johnst.,Plagiobothrys scouleri,,Shoreline,28,,,,,
Boraginaceae,Plagiobothrys tenellus (Nutt. ex Hook.) A. Gray,Plagiobothrys tenellus,,Open,4,,,,,
Boraginaceae,Symphytum officinale L.*,Symphytum officinale,,Open,1,,,,,
Boraginaceae,Symphytum uplandicum Nyman*,Symphytum × uplandicum,,Open,1,,,,,
Brassicaceae,Alliaria petiolata (M. Bieb.) Cavara & Grande*,Alliaria petiolata,,Forest,2,,,,,
Brassicaceae,Arabidopsis thaliana (L.) Heynh.*,Arabidopsis thaliana,,Open,8,,,,,
Brassicaceae,Arabis caucasica Willd.*,Arabis caucasica,,Open,1,,,,,
Brassicaceae,Arabis eschscholtziana Andrz.,Arabis eschscholtziana,,Open,23,,,,,
Brassicaceae,Aubrieta deltoidea (L.) DC.*,Aubrieta deltoidea,,Open,1,,,,,
Brassicaceae,Barbarea orthoceras Ledeb.,Barbarea orthoceras,,Open,15,,,,,
Brassicaceae,Barbarea vulgaris W.T. Aiton*,Barbarea vulgaris,,Open,1,,,,,
Brassicaceae,Brassica juncea (L.) Czern.*,Brassica juncea,,Open,4,,,,,
Brassicaceae,Brassica nigra (L.) W.D.J. Koch*,Brassica nigra,,Open,3,,,,,
Brassicaceae,Brassica rapa L.*,Brassica rapa,,Open,4,,,,,
Brassicaceae,Cakile edentula (Bigelow) Hook.*,Cakile edentula edentula,var. edentula,Shoreline,17,,,,,
Brassicaceae,Cakile maritima Scop.*,Cakile maritima maritima,ssp. maritima,Shoreline,44,,,,,
Brassicaceae,Camelina microcarpa Andrz. ex DC.*,Camelina microcarpa,,Open,1,,,,,
Brassicaceae,Capsella bursa-pastoris (L.) Medik.*,Capsella bursa-pastoris,,Open,10,,,,,
Brassicaceae,Cardamine flexuosa With.*,Cardamine flexuosa,,Forest,6,,,,,
Brassicaceae,Cardamine hirsuta L.*,Cardamine hirsuta,,Open,66,,,,,
Brassicaceae,Cardamine nuttallii Greene,Cardamine nuttallii,,Forest,2,,,,,
Brassicaceae,Cardamine occidentalis (S. Watson) Howell,Cardamine occidentalis,,Wetland,2,,,,,
Brassicaceae,Cardamine oligosperma Nutt.,Cardamine oligosperma,,Forest,50,,,,,
Brassicaceae,Cardamine pensylvanica Muhl. ex Willd.,Cardamine pensylvanica,,Forest,4,,,,,
Brassicaceae,Draba verna L.*,Draba verna,,Open,30,,,,,
Brassicaceae,Erysimum cheiri (L.) Crantz*,Erysimum cheiri,,Open,1,,,,,
Brassicaceae,Hesperis matronalis L.*,Hesperis matronalis,,Open,2,,,,,
Brassicaceae,Hornungia procumbens (L.) Hayek,Hornungia procumbens,,Shoreline,11,,,,,
Brassicaceae,Lepidium campestre (L.) W.T. Aiton*,Lepidium campestre,,Open,1,,,,,
Brassicaceae,Lepidium densiflorum Schrad.,Lepidium densiflorum,,Open,3,,,,,
Brassicaceae,Lepidium didymum L.*,Lepidium didymum,,Open,1,,,,,
Brassicaceae,Lepidium draba L.*,Lepidium draba,,Open,1,,,,,
Brassicaceae,Lepidium heterophyllum Benth.*,Lepidium heterophyllum,,Open,1,,,,,
Brassicaceae,Lepidium latifolium L.*,Lepidium latifolium,,Open,1,,,,,
Brassicaceae,Lepidium oxycarpum Torr. & A. Gray,Lepidium oxycarpum,,Shoreline,2,,,,,
Brassicaceae,Lepidium perfoliatum L.*,Lepidium perfoliatum,,Open,1,,,,,
Brassicaceae,Lepidium virginicum L.,Lepidium virginicum menziesii,ssp. menziesii,Shoreline,72,,,,,
Brassicaceae,Lobularia maritima (L.) Desv.*,Lobularia maritima,,Open,2,,,,,
Brassicaceae,Lunaria annua L.*,Lunaria annua,,Forest,3,,,,,
Brassicaceae,Nasturtium officinale W.T. Aiton*,Nasturtium officinale,,Wetland,2,,,,,
Brassicaceae,Raphanus raphanistrum L.*,Raphanus raphanistrum,,Open,3,,,,,
Brassicaceae,Raphanus sativus L.*,Raphanus sativus,,Open,2,,,,,
Brassicaceae,Rorippa curvisiliqua (Hook.) Bessey ex Britton,Rorippa curvisiliqua,,Wetland,2,,,,,
Brassicaceae,Rorippa palustris (L.) Besser,Rorippa palustris palustris,ssp. palustris,Wetland,1,,,,,
Brassicaceae,Sinapis arvensis L.*,Sinapis arvensis,,Open,3,,,,,
Brassicaceae,Sisymbrium altissimum L.*,Sisymbrium altissimum,,Open,1,,,,,
Brassicaceae,Sisymbrium officinale (L.) Scop.*,Sisymbrium officinale,,Open,3,,,,,
Brassicaceae,Teesdalia nudicaulis (L.) W.T. Aiton*,Teesdalia nudicaulis,,Open,5,,,,,
Brassicaceae,Thlaspi arvense L.*,Thlaspi arvense,,Open,1,,,,,
Brassicaceae,Turritis glabra L.,Turritis glabra,,Open,49,,,,,
Cabombaceae,Brasenia schreberi J.F. Gmel.,Brasenia schreberi,,Wetland,2,,,,,
Cactaceae,Opuntia fragilis (Nutt.) Haw.,Opuntia fragilis,,Shoreline,27,,,,,
Campanulaceae,Campanula medium L.*,Campanula medium,,Open,2,,,,,
Campanulaceae,Campanula persicifolia L.*,Campanula persicifolia,,Open,1,,,,,
Campanulaceae,Campanula rapunculoides L.*,Campanula rapunculoides,,Open,1,,,,,
Campanulaceae,Campanula rotundifolia L.,Campanula rotundifolia,,Open,14,,,,,
Campanulaceae,Campanula scouleri Hook. ex A. DC.,Campanula scouleri,,Forest,4,,,,,
Campanulaceae,Githopsis specularioides Nutt.,Githopsis specularioides,,Open,1,,,,,
Campanulaceae,Lobelia dortmanna L.,Lobelia dortmanna,,Wetland,1,,,,,
Campanulaceae,Triodanis perfoliata (L.) Nieuwl.,Triodanis perfoliata,,Wetland,6,,,,,
Caprifoliaceae,Centranthus ruber (L.) DC.*,Centranthus ruber,,Open,1,,,,,
Caprifoliaceae,Dipsacus fullonum L.*,Dipsacus fullonum,,Open,5,,,,,
Caprifoliaceae,Linnaea borealis L.,Linnaea borealis longiflora,ssp. longiflora,Forest,9,,,,,
Caprifoliaceae,Lonicera ciliosa (Pursh) Poir. ex DC.,Lonicera ciliosa,,Forest,52,,,,,
Caprifoliaceae,Lonicera hispidula (Lindl.) Douglas ex Torr. & A. Gray,Lonicera hispidula,,Forest,56,,,,,
Caprifoliaceae,Lonicera involucrata (Richardson) Banks ex Spreng.,Lonicera involucrata involucrata,var. involucrata,Forest,9,,,,,
Caprifoliaceae,Plectritis brachystemon Fisch. & C.A. Mey.,Plectritis congesta brachystemon,,Open,3,,,,,
Caprifoliaceae,Plectritis congesta (Lindl.) DC.,Plectritis congesta,,Open,68,,,,,
Caprifoliaceae,Symphoricarpos albus (L.) S.F. Blake,Symphoricarpos albus laevigatus,var. laevigatus,Forest,94,,,,,
Caprifoliaceae,Valeriana scouleri Rydb.,Valeriana sitchensis scouleri,,Forest,3,,,,,
Caprifoliaceae,Valerianella locusta (L.) Laterr.*,Valerianella locusta,,Open,4,,,,,
Caryophyllaceae,Agrostemma githago L.*,Agrostemma githago,,Open,1,,,,,
Caryophyllaceae,Arenaria serpyllifolia L.*,Arenaria serpyllifolia serpyllifolia,var. serpylilfolia,Open,5,,,,,
Caryophyllaceae,Cerastium arvense L.,Cerastium arvense strictum,ssp. strictum,Open,106,,,,,
Caryophyllaceae,Cerastium fontanum Baumg.*,Cerastium holosteoides,ssp. vulgare,Open,12,,,,,
Caryophyllaceae,Cerastium glomeratum Thuill.*,Cerastium glomeratum,,Open,82,,,,,
Caryophyllaceae,Cerastium pumilum Curtis*,Cerastium pumilum,,Open,71,,,,,
Caryophyllaceae,Cerastium semidecandrum L.*,Cerastium semidecandrum,,Open,47,,,,,
Caryophyllaceae,Cerastium tomentosum L.*,Cerastium tomentosum,,Open,1,,,,,
Caryophyllaceae,Dianthus armeria L.*,Dianthus armeria,ssp. armeria,Open,5,,,,,
Caryophyllaceae,Dianthus barbatus L.*,Dianthus barbatus barbatus,ssp. barbatus,Open,1,,,,,
Caryophyllaceae,Holosteum umbellatum L.*,Holosteum umbellatum umbellatum,ssp. umbellatum,Open,2,,,,,
Caryophyllaceae,Honckenya peploides (L.) Ehrh.,Honckenya peploides major,ssp. major,Shoreline,11,,,,,
Caryophyllaceae,Lychnis coronaria (L.) Desr.*,Silene coronaria,,Open,4,,,,,
Caryophyllaceae,Moehringia macrophylla (Hook.) Fenzl,Moehringia macrophylla,,Forest,5,,,,,
Caryophyllaceae,"Moenchia erecta (L.) P. Gaertn., B. Mey. & Scherbius*",Moenchia erecta,,Open,2,,,,,
Caryophyllaceae,Sabulina macra (A. Nelson & J.F. Macbr.) Dillenb. & Kadereit,Sabulina macra,,Open,17,,,,,
Caryophyllaceae,Sagina apetala Ard.*,Sagina apetala,,Shoreline,17,,,,,
Caryophyllaceae,Sagina decumbens (Elliott) Torr. & A. Gray,Sagina decumbens occidentalis,ssp. occidentalis,Shoreline,88,,,,,
Caryophyllaceae,Sagina maxima A. Gray,Sagina maxima crassicaulis,ssp. crassicaulis,Shoreline,31,,,,,
Caryophyllaceae,Sagina procumbens L.*,Sagina procumbens,,Shoreline,12,,,,,
Caryophyllaceae,Scleranthus annuus L.*,Scleranthus annuus,,Open,1,,,,,
Caryophyllaceae,Silene antirrhina L.,Silene antirrhina,,Open,16,,,,,
Caryophyllaceae,Silene douglasii Hook.,Silene douglasii,,Open,1,,,,,
Caryophyllaceae,Silene gallica L.*,Silene gallica,,Open,28,,,,,
Caryophyllaceae,Silene latifolia Poir.*,Silene latifolia,,Open,2,,,,,
Caryophyllaceae,Silene menziesii Hook.,Silene menziesii,,Forest,12,,,,,
Caryophyllaceae,Silene scouleri Hook.,Silene scouleri scouleri,ssp. scouleri,Open,5,,,,,
Caryophyllaceae,Spergula arvensis L.*,Spergula arvensis,,Shoreline,2,,,,,
Caryophyllaceae,Spergularia canadensis (Pers.) G. Don,Spergularia canadensis occidentalis,var. occidentalis,Shoreline,7,,,,,
Caryophyllaceae,Spergularia macrotheca (Hornem.) Heynh.,Spergularia macrotheca macrotheca,var. macrotheca,Shoreline,55,,,,,
Caryophyllaceae,Spergularia rubra (L.) J. Presl & C. Presl*,Spergularia rubra,,Shoreline,35,,,,,
Caryophyllaceae,Spergularia salina J. Presl & C. Presl,Spergularia marina,,Shoreline,7,,,,,
Caryophyllaceae,Stellaria borealis Bigelow,Stellaria borealis,"ssp. borealis, ssp. sitchana",Wetland,6,,,,,
Caryophyllaceae,Stellaria crispa Cham. & Schltdl.,Stellaria crispa,,Forest,10,,,,,
Caryophyllaceae,Stellaria graminea L.*,Stellaria graminea,,Open,1,,,,,
Caryophyllaceae,Stellaria longifolia Muhl. ex Willd.,Stellaria longifolia,,Wetland,2,,,,,
Caryophyllaceae,Stellaria longipes Goldie,Stellaria longipes longipes,ssp. longipes,Wetland,2,,,,,
Caryophyllaceae,Stellaria media (L.) Vill.*,Stellaria media,,Open,86,,,,,
Caryophyllaceae,Stellaria nitens Nutt.,Stellaria nitens,,Open,14,,,,,
Caryophyllaceae,Stellaria pallida (Dumort.) Crépin*,Stellaria apetala,,Open,21,,,,,
Caryophyllaceae,Vaccaria hispanica (Mill.) Rauschert*,Vaccaria hispanica,,Open,1,,,,,
Celastraceae,Paxistima myrsinites (Pursh) Raf.,Paxistima myrsinites,,Forest,21,,,,,
Ceratophyllaceae,Ceratophyllum demersum L.,Ceratophyllum demersum,,Wetland,5,,,,,
Convolvulaceae,Calystegia lucana (Ten.) G. Don*,Calystegia × lucana,,Open,1,,,,,
Convolvulaceae,Calystegia sepium (L.) R. Br.,Calystegia sepium,,Shoreline,4,,,,,
Convolvulaceae,Calystegia soldanella (L.) R. Br.,Calystegia soldanella,,Shoreline,1,,,,,
Convolvulaceae,Convolvulus arvensis L.*,Convolvulus arvensis,,Open,3,,,,,
Convolvulaceae,Cuscuta epithymum Murray*,Cuscuta epithymum epithymum,var. epithymum,Shoreline,1,,,,,
Convolvulaceae,Cuscuta pacifica Costea & M.A.R. Wright,Cuscuta pacifica pacifica,var. pacifica,Shoreline,8,,,,,
Cornaceae,Cornus occidentalis (Torr. & A. Gray) Coville,Cornus sericea occidentalis,,Forest,2,,,,,
Cornaceae,Cornus stolonifera Michx.,Cornus sericea,,Forest,3,,,,,
Cornaceae,Cornus unalaschkensis Ledeb.,Cornus unalaschkensis,,Forest,2,,,,,
Crassulaceae,Crassula connata (Ruiz & Pav.) A. Berger,Crassula connata,,Shoreline,2,,,,,
Crassulaceae,Crassula tillaea Lester-Garl.*,Crassula tillaea,,Shoreline,9,,,,,
Crassulaceae,Petrosedum erectum ('t Hart) Grulich*,Petrosedum erectum,,Shoreline,1,,,,,
Crassulaceae,Sedum acre L.*,Sedum acre,,Shoreline,3,,,,,
Crassulaceae,Sedum album L.*,Sedum album,,Shoreline,9,,,,,
Crassulaceae,Sedum divergens S. Watson,Sedum divergens,,Open,1,,,,,
Crassulaceae,Sedum lanceolatum Torr.,Sedum lanceolatum,,Shoreline,93,,,,,
Crassulaceae,Sedum oreganum Nutt.,Sedum oreganum,,Open,2,,,,,
Crassulaceae,Sedum spathulifolium Hook.,Sedum spathulifolium,,Shoreline,79,,,,,
Cucurbitaceae,Marah oregana (Torr. & A. Gray) Howell,Marah oregana,,Open,5,,,,,
Cupressaceae,Juniperus scopulorum Sarg.,Juniperus scopulorum,,Open,61,,,,,
Cupressaceae,Thuja plicata Donn ex D. Don,Thuja plicata,,Forest,24,,,,,
Cyperaceae,Bolboschoenus maritimus (L.) Palla,Bolboschoenus maritimus paludosus,ssp. paludosus,Wetland,8,,,,,
Cyperaceae,Carex aquatilis Wahlenb.,Carex aquatilis,"var. aquatilis, var. dives",Wetland,4,,,,,
Cyperaceae,Carex arcta Boott,Carex arcta,,Wetland,3,,,,,
Cyperaceae,Carex aurea Nutt.,Carex aurea,,Wetland,3,,,,,
Cyperaceae,Carex canescens L.,Carex canescens canescens,ssp. canescens,Wetland,2,,,,,
Cyperaceae,Carex canescens L.*,Carex canescens,,Wetland,2,,,,,
Cyperaceae,Carex cusickii Mack. ex Piper & Beattie,Carex cusickii,,Wetland,4,,,,,
Cyperaceae,Carex densa (L.H. Bailey) L.H. Bailey,Carex densa,,Open,1,,,,,
Cyperaceae,Carex echinata Murray,Carex echinata,"ssp. echinata, ssp. phyllomanica",Wetland,2,,,,,
Cyperaceae,Carex exsiccata L.H. Bailey,Carex exsiccata,,Wetland,5,,,,,
Cyperaceae,Carex hendersonii L.H. Bailey,Carex hendersonii,,Wetland,4,,,,,
Cyperaceae,Carex hoodii Boott,Carex hoodii,,Open,1,,,,,
Cyperaceae,Carex inops L.H. Bailey,Carex inops inops,ssp. inops,Open,17,,,,,
Cyperaceae,Carex interior L.H. Bailey,Carex interior,,Wetland,2,,,,,
Cyperaceae,Carex kelloggii W. Boott,Carex kelloggii,"var. impressa, var. kelloggii, var. limnophila",Wetland,5,,,,,
Cyperaceae,Carex laeviculmis Meinsh.,Carex laeviculmis,,Wetland,1,,,,,
Cyperaceae,Carex lasiocarpa Ehrh.,Carex lasiocarpa,,Wetland,1,,,,,
Cyperaceae,Carex leporina L.,Carex leporina,,Wetland,2,,,,,
Cyperaceae,Carex leptalea Wahlenb.,Carex leptalea,,Wetland,2,,,,,
Cyperaceae,Carex leptopoda Mack.,Carex leptopoda,,Forest,17,,,,,
Cyperaceae,Carex leptopoda Mack.,Carex leptopoda,,Forest,17,,,,,
Cyperaceae,Carex lyngbyei Hornem.,Carex lyngbyei,,Shoreline,15,,,,,
Cyperaceae,Carex macrocephala Willd. ex Spreng.,Carex macrocephala,,Shoreline,5,,,,,
Cyperaceae,Carex obnupta L.H. Bailey,Carex obnupta,,Wetland,12,,,,,
Cyperaceae,Carex pachystachya Cham. ex Steud.,Carex pachystachya,,Wetland,7,,,,,
Cyperaceae,Carex pansa L.H. Bailey,Carex pansa,,Open,3,,,,,
Cyperaceae,Carex pauciflora Lightf.,Carex pauciflora,,Open,1,,,,,
Cyperaceae,Carex pendula Huds.*,Carex pendula,,Forest,1,,,,,
Cyperaceae,Carex praticola Rydb.,Carex praticola,,Open,2,,,,,
Cyperaceae,Carex rossii Boott,Carex rossii,,Open,13,,,,,
Cyperaceae,Carex stipata Muhl. ex Willd.,Carex stipata stipata,var. stipata,Wetland,3,,,,,
Cyperaceae,Carex subbracteata Mack.,Carex subbracteata,,Wetland,1,,,,,
Cyperaceae,Carex tumulicola Mack.,Carex tumulicola,,Open,3,,,,,
Cyperaceae,Carex unilateralis Mack.,Carex unilateralis,,Wetland,1,,,,,
Cyperaceae,Carex utriculata Boott,Carex utriculata,,Wetland,6,,,,,
Cyperaceae,Carex vesicaria L.,Carex vesicaria,var. major,Wetland,2,,,,,
Cyperaceae,Carex viridula Michx.,Carex viridula viridula,var. viridula,Shoreline,3,,,,,
Cyperaceae,Carex vulpinoidea Michx.,Carex vulpinoidea,,Open,1,,,,,
Cyperaceae,Carex zikae E.H. Roalson & M.J. Waterway,Carex zikae,,Open,9,,,,,
Cyperaceae,Dulichium arundinaceum (L.) Britton,Dulichium arundinaceum,,Wetland,4,,,,,
Cyperaceae,Eleocharis acicularis (L.) Roem. & Schult.,Eleocharis acicularis,,Wetland,1,,,,,
Cyperaceae,Eleocharis macrostachya Britton,Eleocharis macrostachya,,Wetland,4,,,,,
Cyperaceae,Eleocharis obtusa (Willd.) Schult.,Eleocharis obtusa,,Wetland,1,,,,,
Cyperaceae,Eleocharis palustris (L.) Roem. & Schult.,Eleocharis palustris,,Wetland,7,,,,,
Cyperaceae,"Eleocharis parvula (Roem. & Schultes) Link ex Bluff Nees, & Schauer",Eleocharis parvula,,Wetland,1,,,,,
Cyperaceae,Eriophorum chamissonis C.A. Mey.,Eriophorum chamissonis,,Wetland,1,,,,,
Cyperaceae,Eriophorum gracile W.D.J. Koch ex Roth,Eriophorum gracile,,Wetland,1,,,,,
Cyperaceae,Rhynchospora alba (L.) Vahl,Rhynchospora alba,,Wetland,1,,,,,
Cyperaceae,Schoenoplectus acutus (Muhl. ex Bigelow) Á. Löve & D. Löve,Schoenoplectus acutus,,Wetland,6,,,,,
Cyperaceae,Schoenoplectus americanus (Pers.) Volkart ex Schinz & R. Keller,Schoenoplectus americanus,,Shoreline,2,,,,,
Cyperaceae,Schoenoplectus subterminalis (Torr.) Soják,Schoenoplectus subterminalis,,Wetland,1,,,,,
Cyperaceae,Schoenoplectus tabernaemontani (C.C. Gmel.) Palla,Schoenoplectus tabernaemontani,,Wetland,3,,,,,
Cyperaceae,Scirpus atrocinctus Fernald,Scirpus atrocinctus,,Wetland,1,,,,,
Cyperaceae,Scirpus cyperinus (L.) Kunth*,Scirpus cyperinus,,Wetland,1,,,,,
Cyperaceae,Scirpus microcarpus J. Presl & C. Presl,Scirpus microcarpus,,Wetland,5,,,,,
Cystopteridaceae,Cystopteris fragilis (L.) Bernh.,Cystopteris fragilis,,Forest,7,,,,,
Dennstaedtiaceae,Pteridium aquilinum (L.) Kuhn,Pteridium aquilinum pubescens,var. pubescens,Forest,30,,,,,
Droseraceae,Drosera rotundifolia L.,Drosera rotundifolia,,Wetland,3,,,,,
Dryopteridaceae,Dryopteris arguta (Kaulf.) Maxon,Dryopteris arguta,,Forest,1,,,,,
Dryopteridaceae,Dryopteris expansa (C. Presl) Fraser-Jenk. & Jermy,Dryopteris expansa,,Forest,14,,,,,
Dryopteridaceae,Polystichum munitum (Kaulf.) C. Presl,Polystichum munitum,,Forest,50,,,,,
Elaeagnaceae,Elaeagnus umbellata Thunb.*,Elaeagnus umbellata,,Open,1,,,,,
Elaeagnaceae,Shepherdia canadensis (L.) Nutt.,Shepherdia canadensis,,Forest,21,,,,,
Equisetaceae,Equisetum arvense L.,Equisetum arvense,,Open,13,,,,,
Equisetaceae,Equisetum ferrissii Clute,Equisetum × ferrissii,,Open,1,,,,,
Equisetaceae,Equisetum fluviatile L.,Equisetum fluviatile,,Wetland,3,,,,,
Equisetaceae,Equisetum hyemale L.,Equisetum hyemale affine,ssp. affine,Wetland,9,,,,,
Equisetaceae,Equisetum palustre L.,Equisetum palustre,,Wetland,5,,,,,
Equisetaceae,Equisetum telmateia Ehrh.,Equisetum telmateia braunii,ssp. braunii,Wetland,13,,,,,
Ericaceae,Allotropa virgata Torr. & A. Gray,Allotropa virgata,,Forest,2,,,,,
Ericaceae,Arbutus menziesii Pursh,Arbutus menziesii,,Forest,62,,,,,
Ericaceae,Arctostaphylos columbiana Piper,Arctostaphylos columbiana,,Open,2,,,,,
Ericaceae,Arctostaphylos media Greene,Arctostaphylos × media,,Open,1,,,,,
Ericaceae,Arctostaphylos uva-ursi (L.) Spreng.,Arctostaphylos uva-ursi,,Open,7,,,,,
Ericaceae,Chimaphila menziesii (R. Br.) Spreng.,Chimaphila menziesii,,Forest,3,,,,,
Ericaceae,Chimaphila umbellata (L.) W.P.C. Barton,Chimaphila umbellata umbellata,ssp. umbellata,Forest,4,,,,,
Ericaceae,Gaultheria shallon Pursh,Gaultheria shallon,,Forest,37,,,,,
Ericaceae,Kalmia microphylla (Hook.) A. Heller,Kalmia microphylla occidentalis,var. occidentalis,Wetland,3,,,,,
Ericaceae,Moneses uniflora (L.) A. Gray,Moneses uniflora,,Forest,1,,,,,
Ericaceae,Monotropa hypopitys L.,Monotropa hypopitys,,Forest,2,,,,,
Ericaceae,Monotropa uniflora L.,Monotropa uniflora,,Forest,13,,,,,
Ericaceae,Orthilia secunda (L.) House,Orthilia secunda,,Forest,2,,,,,
Ericaceae,Pterospora andromedea Nutt.,Pterospora andromedea,,Forest,2,,,,,
Ericaceae,Pyrola aphylla Sm.,Pyrola aphylla,,Forest,1,,,,,
Ericaceae,Pyrola asarifolia Michx.,Pyrola asarifolia,"ssp. asarifolia, ssp. bracteata",Forest,4,,,,,
Ericaceae,Pyrola chlorantha Sw.,Pyrola chlorantha,,Forest,2,,,,,
Ericaceae,Pyrola dentata Sm.,Pyrola dentata,,Forest,1,,,,,
Ericaceae,Pyrola minor L.,Pyrola minor,,Forest,1,,,,,
Ericaceae,Pyrola picta Sm.,Pyrola picta,,Forest,3,,,,,
Ericaceae,Rhododendron columbianum (Piper) Harmaja,Rhododendron columbianum,,Forest,1,,,,,
Ericaceae,Rhododendron groenlandicum (Oeder) Kron & Judd,Rhododendron groenlandicum,,Forest,5,,,,,
Ericaceae,Rhododendron macrophyllum D. Don ex G. Don,Rhododendron macrophyllum,,Forest,1,,,,,
Ericaceae,Vaccinium cespitosum Michx.,Vaccinium cespitosum,,Forest,1,,,,,
Ericaceae,Vaccinium ovatum Pursh,Vaccinium ovatum,,Forest,4,,,,,
Ericaceae,Vaccinium oxycoccos L.,Vaccinium oxycoccos,,Forest,2,,,,,
Ericaceae,Vaccinium parvifolium Sm.,Vaccinium parvifolium,,Forest,21,,,,,
Ericaceae,Vaccinium uliginosum L.,Vaccinium uliginosum,,Forest,1,,,,,
Euphorbiaceae,Euphorbia characias L.*,Euphorbia characias,,Open,1,,,,,
Euphorbiaceae,Euphorbia cyparissias L.*,Euphorbia cyparissias,,Open,4,,,,,
Euphorbiaceae,Euphorbia elongata Poir.*,Euphorbia bupleuroides ,,Open,1,,,,,
Euphorbiaceae,Euphorbia myrsinites L.*,Euphorbia myrsinites,,Open,1,,,,,
Euphorbiaceae,Euphorbia peplus L.*,Euphorbia peplus,,Open,3,,,,,
Fabaceae,Acmispon americanus (Nutt.) Rydb.,Acmispon americanus americanus,var. americanus,Open,4,,,,,
Fabaceae,Acmispon denticulatus (Drew) Sokoloff,Acmispon denticulatus,,Open,10,,,,,
Fabaceae,Acmispon parviflorus (Benth.) D.D. Sokoloff,Acmispon parviflorus,,Open,17,,,,,
Fabaceae,Cytisus scoparius (L.) Link*,Cytisus scoparius,,Open,8,,,,,
Fabaceae,Laburnum anagyroides Medik.*,Laburnum anagyroides,,Forest,1,,,,,
Fabaceae,Lathyrus aphaca L.*,Lathyrus aphaca,,Open,1,,,,,
Fabaceae,Lathyrus japonicus Willd.,Lathyrus japonicus,,Shoreline,57,,,,,
Fabaceae,Lathyrus latifolius L.*,Lathyrus latifolius,,Open,4,,,,,
Fabaceae,Lathyrus littoralis (Nutt.) Endl. ex Walp.,Lathyrus littoralis,,Shoreline,1,,,,,
Fabaceae,Lathyrus nevadensis S. Watson,Lathyrus nevadensis nevadensis,var. nevadensis,Forest,47,,,,,
Fabaceae,Lathyrus palustris L.,Lathyrus palustris,,Shoreline,5,,,,,
Fabaceae,Lathyrus sylvestris L.*,Lathyrus sylvestris,,Open,1,,,,,
Fabaceae,Lotus corniculatus L.*,Lotus corniculatus,,Open,8,,,,,
Fabaceae,Lotus tenuis Waldst. & Kit. ex Willd.*,Lotus tenuis,,Open,2,,,,,
Fabaceae,Lupinus arboreus Sims*,Lupinus arboreus,,Open,4,,,,,
Fabaceae,Lupinus bicolor Lindl.,Lupinus bicolor,,Open,15,,,,,
Fabaceae,Lupinus latifolius Lindl. ex J. Agardh,Lupinus latifolius latifolius,var. latifolius,Open,2,,,,,
Fabaceae,Lupinus littoralis Douglas,Lupinus littoralis,var. littoralis,Open,2,,,,,
Fabaceae,Lupinus microcarpus Sims,Lupinus microcarpus microcarpus,var. microcarpus,Open,7,,,,,
Fabaceae,Lupinus pachylobus Greene,Lupinus pachylobus,,Open,1,,,,,
Fabaceae,Lupinus rivularis Douglas ex Lindl.,Lupinus rivularis,,Open,1,,,,,
Fabaceae,Medicago arabica (L.) Huds.*,Medicago arabica,,Open,1,,,,,
Fabaceae,Medicago lupulina L.*,Medicago lupulina,,Open,7,,,,,
Fabaceae,Medicago sativa L.*,Medicago sativa,,Open,2,,,,,
Fabaceae,Melilotus albus Medik.*,Melilotus albus,,Open,2,,,,,
Fabaceae,Melilotus officinalis (L.) Lam.*,Melilotus officinalis,,Open,2,,,,,
Fabaceae,Oxytropis campestris (L.) DC.,Oxytropis campestris spicata,var. spicata,Shoreline,3,,,,,
Fabaceae,Pisum sativum L.*,Pisum sativum,,Open,1,,,,,
Fabaceae,Rupertia physodes (Douglas ex Hook.) J.W. Grimes,Rupertia physodes,,Open,2,,,,,
Fabaceae,Trifolium arvense L.*,Trifolium arvense,,Open,2,,,,,
Fabaceae,Trifolium campestre Schreb.*,Trifolium campestre,,Open,8,,,,,
Fabaceae,Trifolium depauperatum Desv.,Trifolium depauperatum,,Open,1,,,,,
Fabaceae,Trifolium dichotomum Hook. & Arn.,Trifolium dichotomum,,Open,8,,,,,
Fabaceae,Trifolium dubium Sibth.*,Trifolium dubium,,Open,50,,,,,
Fabaceae,Trifolium fragiferum L.*,Trifolium fragiferum,,Open,1,,,,,
Fabaceae,Trifolium hybridum L.*,Trifolium hybridum,,Open,1,,,,,
Fabaceae,Trifolium incarnatum L.*,Trifolium incarnatum,,Open,2,,,,,
Fabaceae,Trifolium microcephalum Pursh,Trifolium microcephalum,,Open,58,,,,,
Fabaceae,Trifolium microdon Hook. & Arn.,Trifolium microdon,,Open,53,,,,,
Fabaceae,Trifolium oliganthum Steud.,Trifolium oliganthum,,Open,43,,,,,
Fabaceae,Trifolium pratense L.*,Trifolium pratense,,Open,14,,,,,
Fabaceae,Trifolium repens L.*,Trifolium repens,,Open,17,,,,,
Fabaceae,Trifolium retusum L.*,Trifolium retusum,,Open,1,,,,,
Fabaceae,Trifolium striatum L.*,Trifolium striatum,,Open,1,,,,,
Fabaceae,Trifolium subterraneum L.*,Trifolium subterraneum,,Open,17,,,,,
Fabaceae,Trifolium suffocatum L.*,Trifolium suffocatum,,Open,2,,,,,
Fabaceae,Trifolium variegatum Nutt.,Trifolium variegatum,,Open,40,,,,,
Fabaceae,Trifolium willdenovii Spreng.,Trifolium willdenovii,,Open,87,,,,,
Fabaceae,Trifolium wormskioldii Lehm.,Trifolium wormskioldii,,Open,2,,,,,
Fabaceae,Ulex europaeus L.*,Ulex europaeus,,Open,1,,,,,
Fabaceae,Vicia americana Muhl. ex Willd.,Vicia americana americana,var. americana,Forest,76,,,,,
Fabaceae,Vicia cracca L.*,Vicia cracca,,Open,2,,,,,
Fabaceae,Vicia hirsuta (L.) Gray*,Vicia hirsuta,,Open,57,,,,,
Fabaceae,Vicia lathyroides L.*,Vicia lathyroides,,Open,1,,,,,
Fabaceae,Vicia nigricans Hook. & Arn.,Vicia gigantea,var. gigantea,Forest,32,,,,,
Fabaceae,Vicia sativa L.*,Vicia sativa,"var. angustifolia, var. sativa",Open,71,,,,,
Fabaceae,Vicia tetrasperma (L.) Schreb.*,Vicia tetrasperma,,Open,1,,,,,
Fabaceae,Vicia villosa Roth*,Vicia villosa,var. glabrescens,Open,4,,,,,
Fagaceae,Quercus garryana Douglas ex Hook.,Quercus garryana garryana,var. garryana,Open,38,,,,,
Gentianaceae,Centaurium erythraea Rafn*,Centaurium erythraea,,Open,5,,,,,
Gentianaceae,"Centaurium pulchellum (Sw.) Hayek ex Hand.-Mazz., Stadlm., Janch. & Faltis*",Centaurium pulchellum,,Open,1,,,,,
Gentianaceae,Gentianella amarella (L.) Börner,Gentianella amarella acuta,ssp. acuta,Wetland,3,,,,,
Geraniaceae,Erodium cicutarium (L.) L\\\'Hér. ex Aiton*,Erodium cicutarium cicutarium,ssp. cicutarium,Open,26,,,,,
Geraniaceae,Geranium bicknellii Britton,Geranium bicknellii,,Forest,1,,,,,
Geraniaceae,Geranium carolinianum L.,Geranium carolinianum,,Forest,5,,,,,
Geraniaceae,Geranium dissectum L.*,Geranium dissectum,,Open,23,,,,,
Geraniaceae,Geranium lucidum L.*,Geranium lucidum,,Open,2,,,,,
Geraniaceae,Geranium molle L.*,Geranium molle,,Open,99,,,,,
Geraniaceae,Geranium pusillum L.*,Geranium pusillum,,Open,2,,,,,
Geraniaceae,Geranium robertianum L.*,Geranium robertianum,,Forest,6,,,,,
Grossulariaceae,Ribes divaricatum Douglas,Ribes divaricatum divaricatum,var. divaricatum,Forest,63,,,,,
Grossulariaceae,Ribes lacustre (Pers.) Poir.,Ribes lacustre,,Forest,10,,,,,
Grossulariaceae,Ribes sanguineum Pursh,Ribes sanguineum,var. sanguineum,Forest,54,,,,,
Haloragaceae,Myriophyllum sibiricum Kom.,Myriophyllum sibiricum,,Wetland,4,,,,,
Haloragaceae,Myriophyllum verticillatum L.,Myriophyllum verticillatum,,Wetland,3,,,,,
Hydrangeaceae,Philadelphus lewisii Pursh,Philadelphus lewisii,,Forest,7,,,,,
Hydrocharitaceae,Egeria densa Planch.*,Egeria densa,,Wetland,1,,,,,
Hydrocharitaceae,Elodea canadensis Michx.,Elodea canadensis,,Wetland,3,,,,,
Hydrocharitaceae,Najas canadensis Michx.,Najas canadensis,,Wetland,1,,,,,
Hydrocharitaceae,Najas flexilis (Willd.) Rostk. & W.L.E. Schmidt,Najas flexilis,,Wetland,3,,,,,
Hypericaceae,Hypericum anagalloides Cham. & Schltdl.,Hypericum anagalloides,,Wetland,3,,,,,
Hypericaceae,Hypericum calycinum L.*,Hypericum calycinum,,Open,1,,,,,
Hypericaceae,Hypericum perforatum L.*,Hypericum perforatum,,Open,7,,,,,
Hypericaceae,Hypericum scouleri Hook.,Hypericum scouleri,,Wetland,2,,,,,
Iridaceae,Crocus stellaris Haw.*,Crocus × stellaris,,Open,1,,,,,
Iridaceae,Iris foetidissima L.*,Iris foetidissima,,Open,2,,,,,
Iridaceae,Iris germanica L.*,Iris × germanica,,Open,7,,,,,
Iridaceae,Iris pseudacorus L.*,Iris pseudacorus,,Wetland,6,,,,,
Iridaceae,Olsynium douglasii (A. Dietr.) E.P. Bicknell,Olsynium douglasii douglasii,var. douglasii,Open,6,,,,,
Iridaceae,Sisyrinchium californicum (Ker Gawl.) W.T.Aiton,Sisyrinchium californicum,,Open,1,,,,,
Iridaceae,Sisyrinchium idahoense E.P. Bicknell,Sisyrinchium idahoense,"var. macounii, var. segetum",Open,8,,,,,
Isoetaceae,Isoetes nuttallii A. Br.,Isoetes nuttallii,,Wetland,1,,,,,
Isoetaceae,Isoetes occidentalis L.F. Hend.,Isoetes occidentalis,,Wetland,1,,,,,
Juncaceae,Juncus acuminatus Michx.,Juncus acuminatus,,Wetland,4,,,,,
Juncaceae,Juncus alpinoarticulatus Chaix,Juncus alpinoarticulatus,,Wetland,1,,,,,
Juncaceae,Juncus articulatus L.,Juncus articulatus articulatus,ssp. articulatus,Wetland,4,,,,,
Juncaceae,Juncus balticus Willd.,Juncus balticus ater,ssp. ater,Shoreline,19,,,,,
Juncaceae,Juncus bolanderi Engelm.,Juncus bolanderi,,Shoreline,1,,,,,
Juncaceae,Juncus breweri Engelm.,Juncus breweri,,Shoreline,2,,,,,
Juncaceae,Juncus bufonius L.,Juncus bufonius,var. bufonius,Shoreline,23,,,,,
Juncaceae,Juncus effusus L.,Juncus effusus,"ssp. pacificus, ssp. effusus",Shoreline,13,,,,,
Juncaceae,Juncus ensifolius Wikstr.,Juncus ensifolius,,Wetland,7,,,,,
Juncaceae,Juncus gerardi Loisel.,Juncus gerardii gerardii,ssp. gerardi,Shoreline,3,,,,,
Juncaceae,Juncus hesperius (Piper) Lint,Juncus hesperius,,Wetland,8,,,,,
Juncaceae,Juncus occidentalis (Coville) Wiegand,Juncus occidentalis,,Wetland,2,,,,,
Juncaceae,Juncus tenuis Willd.,Juncus tenuis,,Wetland,3,,,,,
Juncaceae,Luzula comosa E. Mey.,Luzula comosa laxa,var. laxa,Open,24,,,,,
Juncaceae,Luzula macrantha (S. Watson) Zika & B.L. Wilson,Luzula macrantha,,Open,10,,,,,
Juncaceae,Luzula multiflora (Ehrh.) Lej.,Luzula multiflora,,Open,2,,,,,
Juncaceae,Luzula parviflora (Ehrh.) Desv.,Luzula parviflora,,Forest,2,,,,,
Juncaceae,Luzula subsessilis (S. Watson) Buchenau,Luzula subsessilis,,Open,58,,,,,
Juncaginaceae,Triglochin concinna J.B. Davy,Triglochin concinna,,Wetland,1,,,,,
Juncaginaceae,Triglochin maritima L.,Triglochin maritima,,Wetland,10,,,,,
Lamiaceae,Ajuga reptans L.*,Ajuga reptans,,Forest,4,,,,,
Lamiaceae,Clinopodium douglasii (Benth.) Kuntze,Clinopodium douglasii,,Forest,34,,,,,
Lamiaceae,Glechoma hederacea L.*,Glechoma hederacea,,Forest,2,,,,,
Lamiaceae,Lamiastrum galeobdolon (L.) Ehrend. & Polatschek*,Lamium galeobdolon argentatum,ssp. argentatum,Forest,3,,,,,
Lamiaceae,Lamium amplexicaule L.*,Lamium amplexicaule,,Open,5,,,,,
Lamiaceae,Lamium hybridum Vill.*,Lamium hybridum,,Open,1,,,,,
Lamiaceae,Lamium purpureum L.*,Lamium purpureum hybridum,,Open,14,,,,,
Lamiaceae,Lycopus americanus Muhl. ex W.P.C. Bartr.,Lycopus americanus,,Wetland,1,,,,,
Lamiaceae,Lycopus europaeus L.*,Lycopus europaeus,,Wetland,2,,,,,
Lamiaceae,Lycopus uniflorus Michx.,Lycopus uniflorus,,Wetland,5,,,,,
Lamiaceae,Marrubium vulgare L.*,Marrubium vulgare,,Open,7,,,,,
Lamiaceae,Melissa officinalis L.*,Melissa officinalis,,Open,1,,,,,
Lamiaceae,Mentha canadensis L.,Mentha canadensis,,Wetland,5,,,,,
Lamiaceae,Mentha piperita L.*,Mentha × piperita,,Open,1,,,,,
Lamiaceae,Mentha pulegium L.*,Mentha pulegium,,Open,1,,,,,
Lamiaceae,Mentha rotundifolia (L.) Huds.*,Mentha × rotundifolia,,Open,1,,,,,
Lamiaceae,Nepeta cataria L.*,Nepeta cataria,,Open,2,,,,,
Lamiaceae,Prunella vulgaris L.,Prunella vulgaris,"var. lanceolata, var. vulgaris",Open,11,,,,,
Lamiaceae,Satureja douglasii (Benth.) Kuntze,Clinopodium douglasii,,Forest,36,,,,,
Lamiaceae,Scutellaria galericulata L.,Scutellaria galericulata,,Wetland,2,,,,,
Lamiaceae,Stachys cooleyae A. Heller,Stachys chamissonis cooleyae,,Forest,5,,,,,
Lamiaceae,Stachys mexicana Benth.,Stachys mexicana,,Forest,1,,,,,
Lamiaceae,Thymus pulegioides L.*,Thymus pulegioides,,Open,1,,,,,
Lentibulariaceae,Utricularia gibba L.,Utricularia gibba,,Wetland,1,,,,,
Lentibulariaceae,Utricularia minor L.,Utricularia minor,,Wetland,1,,,,,
Lentibulariaceae,Utricularia vulgaris L.,Utricularia macrorhiza,ssp. macrohiza,Wetland,4,,,,,
Liliaceae,Erythronium oregonum Applegate,Erythronium oregonum,ssp. oregonum,Forest,32,,,,,
Liliaceae,Fritillaria affinis (Schult. & Schult. f.) Sealy,Fritillaria affinis,,Open,86,,,,,
Liliaceae,Lilium columbianum Leichtlin,Lilium columbianum,,Forest,19,,,,,
Liliaceae,Prosartes hookeri Torr.,Prosartes hookeri,,Forest,1,,,,,
Liliaceae,Tulipa sp. L.*,Tulipa,,Open,1,,,,,
Lycopodiaceae,Lycopodium clavatum L.,Lycopodium clavatum,,Wetland,2,,,,,
Lythraceae,Lythrum salicaria L.*,Lythrum salicaria,,Wetland,4,,,,,
Malvaceae,Alcea rosea L.*,Alcea rosea,,Open,1,,,,,
Malvaceae,Malva neglecta Wallr.*,Malva neglecta,,Open,1,,,,,
Malvaceae,Malva sylvestris L.*,Malva sylvestris,,Open,1,,,,,
Malvaceae,Sidalcea hendersonii S. Watson,Sidalcea hendersonii,,Shoreline,2,,,,,
Melanthiaceae,Toxicoscordion venenosum (S. Watson) Rydb.,Toxicoscordion venenosum venenosum,var. venenosum,Open,61,,,,,
Menyanthaceae,Menyanthes trifoliata L.,Menyanthes trifoliata,,Wetland,2,,,,,
Montiaceae,Calandrinia ciliata (Ruiz & Pav.) DC.,Calandrinia ciliata,,Shoreline,27,,,,,
Montiaceae,Claytonia exigua Douglas ex Torr. & A. Gray,Claytonia exigua,"ssp. exigua, ssp. glauca",Shoreline,30,,,,,
Montiaceae,Claytonia parviflora Douglas ex Hook.,Claytonia parviflora,,Open,21,,,,,
Montiaceae,Claytonia perfoliata Donn ex Willd.,Claytonia perfoliata,,Forest,91,,,,,
Montiaceae,Claytonia rubra (Howell) Tidestr.,Claytonia rubra,,Shoreline,75,,,,,
Montiaceae,Claytonia sibirica L.,Claytonia sibirica,,Forest,7,,,,,
Montiaceae,Montia dichotoma (Nutt.) Howell,Montia dichotoma,,Open,2,,,,,
Montiaceae,Montia fontana L.,Montia fontana,,Shoreline,16,,,,,
Montiaceae,Montia howellii S. Watson,Montia howellii,,Shoreline,2,,,,,
Montiaceae,Montia linearis (Douglas) Greene,Montia linearis,,Open,6,,,,,
Montiaceae,Montia parvifolia (Moc. ex DC.) Greene,Montia parvifolia,,Open,21,,,,,
Nyctaginaceae,Abronia latifolia Eschsch.,Abronia latifolia,,Shoreline,3,,,,,
Nymphaeaceae,Nuphar polysepala Engelm.,Nuphar polysepala,,Wetland,6,,,,,
Nymphaeaceae,Nymphaea odorata Aiton*,Nymphaea odorata,,Wetland,2,,,,,
Oleaceae,Ligustrum vulgare L.*,Ligustrum vulgare,,Forest,1,,,,,
Onagraceae,Camissonia contorta (Douglas) Kearney,Camissonia contorta,,Open,1,,,,,
Onagraceae,Chamaenerion angustifolium (L.) Scop.,Chamaenerion angustifolium,,Open,26,,,,,
Onagraceae,Circaea alpina L.,Circaea alpina pacifica,ssp. pacifica,Forest,6,,,,,
Onagraceae,Clarkia amoena (Lehm.) A. Nelson & J.F. Macbr.,Clarkia amoena,,Open,11,,,,,
Onagraceae,Clarkia gracilis (Piper) A. Nelson & J.F. Macbr.,Clarkia gracilis gracilis,ssp. gracilis,Open,2,,,,,
Onagraceae,Epilobium anagallidifolium Lam.,Epilobium anagallidifolium,,Forest,1,,,,,
Onagraceae,Epilobium brachycarpum C. Presl,Epilobium brachycarpum,,Open,14,,,,,
Onagraceae,Epilobium ciliatum Raf.,Epilobium ciliatum,,Open,27,,,,,
Onagraceae,Epilobium densiflorum (Lindl.) Hoch & P.H. Raven,Epilobium densiflorum,,Wetland,2,,,,,
Onagraceae,Epilobium glandulosum Lehm.,Epilobium glandulosum,,Open,2,,,,,
Onagraceae,Epilobium hirsutum L.*,Epilobium hirsutum,,Open,2,,,,,
Onagraceae,Epilobium lactiflorum Hausskn.,Epilobium lactiflorum,,Open,1,,,,,
Onagraceae,Epilobium leptophyllum Raf.,Epilobium leptophyllum,,Wetland,2,,,,,
Onagraceae,Epilobium minutum Lindl.,Epilobium minutum,,Open,28,,,,,
Onagraceae,Epilobium palustre L.,Epilobium palustre,,Wetland,1,,,,,
Onagraceae,Epilobium torreyi (S. Watson) Hoch & P.H. Raven,Epilobium torreyi,,Wetland,1,,,,,
Onagraceae,Ludwigia palustris (L.) Elliott,Ludwigia palustris,,Wetland,3,,,,,
Onagraceae,Oenothera glazioviana Micheli*,Oenothera glazioviana,,Open,1,,,,,
Ophioglossaceae,Botrypus virginianus (L.) Michx.,Botrypus virginianus,,Forest,1,,,,,
Ophioglossaceae,Ophioglossum pusillum Raf.,Ophioglossum pusillum,,Forest,1,,,,,
Ophioglossaceae,Sceptridium multifidum (Gmel.) Tagawa,Sceptridium multifidum,,Forest,6,,,,,
Orchidaceae,Calypso bulbosa (L.) Oakes,Calypso bulbosa occidentalis,var. occidentalis,Forest,19,,,,,
Orchidaceae,Cephalanthera austiniae (A. Gray) A. Heller,Cephalanthera austiniae,,Forest,3,,,,,
Orchidaceae,Corallorhiza maculata (Raf.) Raf.,Corallorhiza maculata,"var. maculata, var. occidentalis",Forest,21,,,,,
Orchidaceae,Corallorhiza mertensiana Bong.,Corallorhiza mertensiana,,Forest,3,,,,,
Orchidaceae,Corallorhiza striata Lindl.,Corallorhiza striata striata,var. striata,Forest,4,,,,,
Orchidaceae,Epipactis helleborine (L.) Crantz*,Epipactis helleborine,,Forest,12,,,,,
Orchidaceae,Goodyera oblongifolia Raf.,Goodyera oblongifolia,,Forest,29,,,,,
Orchidaceae,Neottia banksiana (Lind.) Rchb. f.,Neottia banksiana,,Forest,2,,,,,
Orchidaceae,Neottia convallarioides (Sw.) Richardson,Neottia convallarioides,,Forest,1,,,,,
Orchidaceae,Neottia cordata (L.) Richardson*,Neottia cordata,,Forest,7,,,,,
Orchidaceae,Platanthera dilatata (Pursh) Lindl. ex L.C. Beck,Platanthera dilatata,"var. albiflora, var. leucostachys",Forest,3,,,,,
Orchidaceae,Platanthera elegans Lindl.,Platanthera elegans elegans,ssp. elegans,Open,43,,,,,
Orchidaceae,Platanthera elongata (Rydb.) R.M. Bateman,Platanthera elongata,,Forest,4,,,,,
Orchidaceae,Platanthera orbiculata (Pursh) Lindl.,Platanthera orbiculata,,Forest,2,,,,,
Orchidaceae,Platanthera stricta Lindl.,Platanthera stricta,,Forest,1,,,,,
Orchidaceae,Platanthera transversa (Suksd.) R.M. Bateman,Platanthera transversa,,Forest,6,,,,,
Orchidaceae,Platanthera unalascensis (Spreng.) Kurtz,Platanthera unalascensis,,Forest,10,,,,,
Orchidaceae,Spiranthes romanzoffiana Cham.,Spiranthes romanzoffiana,,Open,8,,,,,
Orobanchaceae,Aphyllon californicum (Cham. & Schltdl.) A. Gray,Aphyllon californicum californicum,ssp. californicum,Open,33,,,,,
Orobanchaceae,Aphyllon purpureum (A. Heller) Holub,Aphyllon purpureum,,Open,29,,,,,
Orobanchaceae,Bellardia viscosa (L.) Fisch. & C.A. Mey.*,Bellardia viscosa,,Open,3,,,,,
Orobanchaceae,Castilleja attenuata (A. Gray) T.I. Chuang & Heckard,Castilleja attenuata,,Open,10,,,,,
Orobanchaceae,Castilleja hispida Benth.,Castilleja hispida hispida,var. hispida,Open,47,,,,,
Orobanchaceae,Castilleja levisecta Greenm.,Castilleja levisecta,,Open,2,,,,,
Orobanchaceae,Castilleja victoriae Fairbarns & J.M. Egger,Castilleja victoriae,,Open,1,,,,,
Orobanchaceae,Euphrasia nemorosa (Pers.) Wallr.*,Euphrasia nemorosa,,Open,3,,,,,
Orobanchaceae,Kopsiopsis hookeri (Walp.) Govaerts,Kopsiopsis hookeri,,Forest,2,,,,,
Orobanchaceae,Orthocarpus bracteosus Benth.,Orthocarpus bracteosus,,Open,1,,,,,
Orobanchaceae,Rhinanthus minor L.,Rhinanthus minor,,Open,1,,,,,
Orobanchaceae,Triphysaria pusilla (Benth.) T.I. Chuang & Heckard,Triphysaria pusilla,,Open,35,,,,,
Oxalidaceae,Oxalis corniculata L.*,Oxalis corniculata,,Open,1,,,,,
Papaveraceae,Corydalis lutea (L.) DC.*,Pseudofumaria lutea,,Forest,1,,,,,
Papaveraceae,Dicentra formosa (Haw.) Walp.,Dicentra formosa formosa,ssp. formosa,Forest,2,,,,,
Papaveraceae,Eschscholzia californica Cham.*,Eschscholzia californica californica,ssp. californica,Open,9,,,,,
Papaveraceae,Fumaria officinalis L.*,Fumaria officinalis,,Open,1,,,,,
Papaveraceae,Meconella oregana Nutt.,Meconella oregana,,Open,2,,,,,
Papaveraceae,Papaver rhoeas L.*,Papaver rhoeas,,Open,1,,,,,
Papaveraceae,Papaver somniferum L.*,Papaver somniferum,,Open,2,,,,,
Phrymaceae,Erythranthe alsinoides (Douglas ex Benth.) G.L. Nesom & N.S. Fraga,Erythranthe alsinoides,,Forest,26,,,,,
Phrymaceae,Erythranthe guttata (Fisch. ex DC.) G.L. Nesom,Erythranthe guttata,,Forest,21,,,,,
Phrymaceae,Erythranthe microphylla (Benth.) G.L. Nesom,Erythranthe microphylla,,Forest,6,,,,,
Phrymaceae,Erythranthe moschata (Douglas ex Lindl.) G.L. Nesom,Erythranthe moschata,,Forest,2,,,,,
Phrymaceae,Erythranthe nasuta (Greene) G.L. Nesom,Erythranthe nasuta,,Forest,23,,,,,
Phrymaceae,Erythranthe ptilota G.L. Nesom,Erythranthe ptilota,,Forest,1,,,,,
Pinaceae,Abies grandis (Douglas ex D. Don) Lindl.,Abies grandis,,Forest,34,,,,,
Pinaceae,Picea sitchensis (Bong.) Carrière,Picea sitchensis,,Forest,18,,,,,
Pinaceae,Pinus contorta Douglas ex Loudon,Pinus contorta,"var. contorta, var. latifolia",Forest,27,,,,,
Pinaceae,Pinus monticola Douglas ex D. Don,Pinus monticola,,Forest,2,,,,,
Pinaceae,Pseudotsuga menziesii (Mirb.) Franco,Pseudotsuga menziesii menziesii,var. menziesii,Forest,75,,,,,
Pinaceae,Tsuga heterophylla (Raf.) Sarg.,Tsuga heterophylla,,Forest,16,,,,,
Plantaginaceae,Antirrhinum majus L.*,Antirrhinum majus,,Open,2,,,,,
Plantaginaceae,Callitriche heterophylla Pursh,Callitriche heterophylla bolanderi,var. bolanderi,Wetland,2,,,,,
Plantaginaceae,Callitriche palustris L.,Callitriche palustris,,Wetland,2,,,,,
Plantaginaceae,Collinsia grandiflora Lindl.,Collinsia grandiflora,,Open,25,,,,,
Plantaginaceae,Collinsia parviflora Lindl.,Collinsia parviflora,,Open,84,,,,,
Plantaginaceae,"Cymbalaria muralis G. Gaertn., B. Mey. & Scherb.*",Cymbalaria muralis muralis,ssp. muralis,Open,2,,,,,
Plantaginaceae,Digitalis purpurea L.*,Digitalis purpurea purpurea,var. purpurea,Open,12,,,,,
Plantaginaceae,Hippuris vulgaris L.,Hippuris vulgaris,,Wetland,5,,,,,
Plantaginaceae,Linaria dalmatica (L.) Mill.*,Linaria dalmatica dalmatica,ssp. dalmatica,Open,2,,,,,
Plantaginaceae,Linaria purpurea (L.) Mill.*,Linaria purpurea,,Open,1,,,,,
Plantaginaceae,Linaria vulgaris Mill.*,Linaria vulgaris,,Open,1,,,,,
Plantaginaceae,Nuttallanthus texanus (Scheele) D.A. Sutton,Nuttallanthus texanus,,Open,1,,,,,
Plantaginaceae,Plantago elongata Pursh,Plantago elongata,,Shoreline,29,,,,,
Plantaginaceae,Plantago lanceolata L.*,Plantago lanceolata,,Open,73,,,,,
Plantaginaceae,Plantago major L.*,Plantago major,,Open,11,,,,,
Plantaginaceae,Plantago maritima L.,Plantago maritima,,Shoreline,107,,,,,
Plantaginaceae,Veronica americana Schwein. ex Benth.,Veronica americana,,Wetland,7,,,,,
Plantaginaceae,Veronica arvensis L.*,Veronica arvensis,,Open,66,,,,,
Plantaginaceae,Veronica chamaedrys L.*,Veronica chamaedrys,,Open,1,,,,,
Plantaginaceae,Veronica filiformis Sm.*,Veronica filiformis,,Open,1,,,,,
Plantaginaceae,Veronica officinalis L.*,Veronica officinalis,,Open,5,,,,,
Plantaginaceae,Veronica peregrina L.,Veronica peregrina xalapensis,var. xalapensis,Wetland,5,,,,,
Plantaginaceae,Veronica persica Poir.*,Veronica persica,,Open,1,,,,,
Plantaginaceae,Veronica scutellata L.,Veronica scutellata,,Wetland,4,,,,,
Plantaginaceae,Veronica serpyllifolia L.,Veronica serpyllifolia,"var. humifusa, var. serpyllifolia",Wetland,11,,,,,
Plumbaginaceae,Armeria maritima (Mill.) Willd.,Armeria maritima californica,ssp. californica,Shoreline,42,,,,,
Poaceae,Achnatherum lemmonii (Vasey) Barkworth,Eriocoma lemmonii lemmonii,ssp. lemmonii,Open,6,,,,,
Poaceae,Achnatherum nelsonii (Scribn.) Barkworth,Eriocoma nelsonii dorei,ssp. dorei,Open,2,,,,,
Poaceae,Agrostis capillaris L.*,Agrostis capillaris,,Open,9,,,,,
Poaceae,Agrostis exarata Trin.,Agrostis exarata,,Shoreline,28,,,,,
Poaceae,Agrostis gigantea Roth*,Agrostis gigantea,,Open,6,,,,,
Poaceae,Agrostis microphylla Steud.,Agrostis microphylla,,Wetland,1,,,,,
Poaceae,Agrostis pallens Trin.,Agrostis pallens,,Open,6,,,,,
Poaceae,Agrostis scabra Willd.,Agrostis scabra,,Open,4,,,,,
Poaceae,Agrostis stolonifera L.*,Agrostis stolonifera,,Open,18,,,,,
Poaceae,Aira caryophyllea L.*,Aira caryophyllea caryophyllea,var. caryophyllea,Open,106,,,,,
Poaceae,Aira praecox L.*,Aira praecox,,Open,123,,,,,
Poaceae,Alopecurus aequalis Sobol.,Alopecurus aequalis aequalis,var. aequalis,Wetland,4,,,,,
Poaceae,Alopecurus geniculatus L.,Alopecurus geniculatus,,Wetland,4,,,,,
Poaceae,Alopecurus pratensis L.*,Alopecurus pratensis,,Open,5,,,,,
Poaceae,Anthoxanthum odoratum L.*,Anthoxanthum odoratum,,Open,25,,,,,
Poaceae,Arrhenatherum elatius (L.) P. Beauv. ex J. Presl & C. Presl*,Arrhenatherum elatius,"var. bulbosum, var. elatius",Open,4,,,,,
Poaceae,Avena barbata Pott ex Link*,Avena barbata,,Open,4,,,,,
Poaceae,Avena fatua L.*,Avena fatua,,Open,2,,,,,
Poaceae,Avena sativa L.*,Avena sativa,,Open,1,,,,,
Poaceae,Bromus commutatus Schrad.*,Bromus commutatus,,Open,4,,,,,
Poaceae,Bromus diandrus Roth*,Bromus diandrus,,Open,106,,,,,
Poaceae,Bromus hordeaceus L.*,Bromus hordeaceus,,Open,124,,,,,
Poaceae,Bromus pacificus Shear,Bromus pacificus,,Forest,30,,,,,
Poaceae,Bromus sitchensis Trin.,Bromus sitchensis,"var. carinatus, var. marginatus, var. sitchensis",Forest,104,,,,,
Poaceae,Bromus sterilis L.*,Bromus sterilis,,Open,77,,,,,
Poaceae,Bromus tectorum L.*,Bromus tectorum,,Open,60,,,,,
Poaceae,Bromus vulgaris (Hook.) Shear,Bromus vulgaris,,Forest,16,,,,,
Poaceae,Calamagrostis canadensis (Michx.) P. Beauv.,Calamagrostis canadensis,,Wetland,1,,,,,
Poaceae,Calamagrostis stricta (Timm) Koeler,Calamagrostis inexpansa,ssp. inexpansa,Wetland,1,,,,,
Poaceae,Cynosurus cristatus L.*,Cynosurus cristatus,,Open,6,,,,,
Poaceae,Cynosurus echinatus L.*,Cynosurus echinatus,,Open,26,,,,,
Poaceae,Dactylis glomerata L.*,Dactylis glomerata,,Open,72,,,,,
Poaceae,Danthonia californica Bol.,Danthonia californica,,Open,13,,,,,
Poaceae,Danthonia spicata (L.) P. Beauv. ex Roem. & Schult.,Danthonia spicata,,Open,1,,,,,
Poaceae,Deschampsia caespitosa (L.) P. Beauv.,Deschampsia cespitosa,,Wetland,4,,,,,
Poaceae,Deschampsia danthonioides (Trin.) Munro,Deschampsia danthonioides,,Wetland,1,,,,,
Poaceae,Deschampsia elongata (Hook.) Munro,Deschampsia elongata,,Wetland,3,,,,,
Poaceae,Distichlis spicata (L.) Greene,Distichlis spicata,,Shoreline,68,,,,,
Poaceae,Elymus elymoides (Raf.) Swezey,Elymus longifolius,ssp. brevifolius,Open,1,,,,,
Poaceae,Elymus glaucus Buckley,Elymus glaucus glaucus,ssp. glaucus,Open,90,,,,,
Poaceae,Elymus repens (L.) Gould*,Elymus repens,,Open,12,,,,,
Poaceae,Elymus trachycaulus (Link) Gould ex Shinners,Elymus trachycaulus trachycaulus,ssp. trachycaulus,Open,13,,,,,
Poaceae,Festuca occidentalis Hook.,Festuca occidentalis,,Forest,38,,,,,
Poaceae,Festuca roemeri (Pavlick) E.B. Alexeev,Festuca roemeri roemeri,var. roemeri,Open,14,,,,,
Poaceae,Festuca rubra L.,Festuca rubra,,Open,141,,,,,
Poaceae,Festuca subulata Trin.,Festuca subulata,,Forest,4,,,,,
Poaceae,Festuca subuliflora Scribn.,Festuca subuliflora,,Forest,7,,,,,
Poaceae,Festuca trachyphylla (Hack.) Krajina*,Festuca trachyphylla,,Open,1,,,,,
Poaceae,Glyceria borealis (Nash) Batch.,Glyceria borealis,,Wetland,3,,,,,
Poaceae,Glyceria elata (Nash) M.E. Jones,Glyceria elata,,Wetland,2,,,,,
Poaceae,Glyceria occidentalis (Piper) J.C. Nelson,Glyceria × occidentalis,,Wetland,1,,,,,
Poaceae,Holcus lanatus L.*,Holcus lanatus,,Open,78,,,,,
Poaceae,Holcus mollis L.*,Holcus mollis,ssp. mollis,Open,1,,,,,
Poaceae,Hordeum brachyantherum Nevski,Hordeum brachyantherum,,Shoreline,43,,,,,
Poaceae,Hordeum depressum (Scribn. & J.G. Sm.) Rydb.,Hordeum depressum,,Shoreline,6,,,,,
Poaceae,Hordeum jubatum L.,Hordeum jubatum intermedium,ssp. intermedium,Shoreline,4,,,,,
Poaceae,Hordeum marinum Huds.*,Hordeum marinum gussoneanum,ssp. gussoneanum,Shoreline,1,,,,,
Poaceae,Hordeum murinum L.*,Hordeum murinum,"ssp. glaucum, ssp. leporinum, ssp. murinum",Shoreline,66,,,,,
Poaceae,Koeleria macrantha (Ledeb.) Schult.,Koeleria macrantha,,Open,61,,,,,
Poaceae,Leersia oryzoides (L.) Sw.,Leersia oryzoides,,Wetland,1,,,,,
Poaceae,Leymus mollis (Trin.) Pilg.,Leymus mollis mollis,ssp. mollis,Shoreline,66,,,,,
Poaceae,Leymus vancouverensis (Vasey) Pilg.,Leymus × vancouverensis,,Shoreline,1,,,,,
Poaceae,Lolium multiflorum Lam.*,Lolium multiflorum,,Open,3,,,,,
Poaceae,Lolium perenne L.*,Lolium perenne,,Open,19,,,,,
Poaceae,Melica subulata (Griseb.) Scribn.,Melica subulata,,Forest,38,,,,,
Poaceae,Panicum miliaceum L.*,Panicum miliaceum miliaceum,ssp. millaceum,Open,1,,,,,
Poaceae,Phalaris arundinacea L.*,Phalaris arundinacea,,Open,10,,,,,
Poaceae,Phleum pratense L.*,Phleum pratense,,Open,6,,,,,
Poaceae,Poa annua L.*,Poa annua,,Open,98,,,,,
Poaceae,Poa bulbosa L.*,Poa bulbosa vivipara,ssp. vivipara,Open,26,,,,,
Poaceae,Poa compressa L.*,Poa compressa,,Open,43,,,,,
Poaceae,Poa confinis Vasey,Poa confinis,,Shoreline,12,,,,,
Poaceae,Poa howellii Vasey & Scribn.,Poa howellii,,Forest,2,,,,,
Poaceae,Poa infirma Kunth*,Poa infirma,,Shoreline,1,,,,,
Poaceae,Poa palustris L.*,Poa palustris,,Open,3,,,,,
Poaceae,Poa pratensis L.*,Poa pratensis,,Open,80,,,,,
Poaceae,Poa secunda J. Presl,Poa secunda secunda,ssp. secunda,Open,5,,,,,
Poaceae,Poa trivialis L.*,Poa trivialis,,Open,5,,,,,
Poaceae,Polypogon monspeliensis (L.) Desf.*,Polypogon monspeliensis,,Shoreline,10,,,,,
Poaceae,Puccinellia nutkaensis (J. Presl) Fernald & Weath.,Puccinellia nutkaensis,,Shoreline,91,,,,,
Poaceae,Puccinellia nuttalliana (Schult.) Hitchc.,Puccinellia nuttalliana,,Shoreline,5,,,,,
Poaceae,Puccinellia pumila (Vasey) Hitchc.,Puccinellia pumila,,Shoreline,1,,,,,
Poaceae,Schedonorus arundinaceus (Schreb.) Dumort.*,Lolium arundinaceum,,Open,30,,,,,
Poaceae,Schedonorus pratensis (Huds.) P. Beauv.*,Lolium pratense,,Open,2,,,,,
Poaceae,Secale cereale L.*,Secale cereale,,Open,1,,,,,
Poaceae,Setaria pumila (Poir.) Roem. & Schult.*,Setaria pumila,,Open,1,,,,,
Poaceae,Thinopyrum ponticum (Podp.) Barkworth & D.R. Dewey*,Thinopyrum obtusiflorum,,Open,1,,,,,
Poaceae,Torreyochloa pallida (Torr.) G.L. Church,Torreyochloa pallida pauciflora,var. pauciflora,Wetland,8,,,,,
Poaceae,Trisetum canescens Buckley,Trisetum canescens,,Forest,17,,,,,
Poaceae,Trisetum cernuum Trin.,Trisetum cernuum,,Forest,10,,,,,
Poaceae,Vulpia bromoides (L.) Gray*,Festuca bromoides,,Open,107,,,,,
Poaceae,Vulpia microstachys (Nutt.) Munro,Festuca microstachys pauciflora,var. pauciflora,Forest,10,,,,,
Poaceae,Vulpia myuros (L.) C.C. Gmel.*,Festuca myuros,,Open,88,,,,,
Polemoniaceae,Collomia grandiflora Douglas ex Lindl.,Collomia grandiflora,,Open,1,,,,,
Polemoniaceae,Collomia heterophylla Douglas ex Hook.,Collomia heterophylla,,Forest,5,,,,,
Polemoniaceae,Collomia linearis Nutt.,Collomia linearis,,Open,1,,,,,
Polemoniaceae,Gilia capitata Sims,Gilia capitata,,Open,1,,,,,
Polemoniaceae,Leptosiphon bicolor Nutt.,Leptosiphon bicolor,,Open,3,,,,,
Polemoniaceae,Leptosiphon minimus (H. Mason) Battaglia,Leptosiphon minimus,,Open,6,,,,,
Polemoniaceae,Microsteris gracilis (Hook.) Greene,Microsteris gracilis,,Open,1,,,,,
Polemoniaceae,Navarretia intertexta (Benth.) Hook.,Navarretia intertexta,,Open,3,,,,,
Polemoniaceae,Navarretia squarrosa (Eschsch.) Hook. & Arn.,Navarretia squarrosa,,Open,3,,,,,
Polemoniaceae,Polemonium pulcherrimum Hook.,Polemonium pulcherrimum pulcherrimum,var. pulcherrimum,Open,2,,,,,
Polygonaceae,Fallopia bohemica (Chrtek & Chrtková) J.P. Bailey*,Reynoutria × bohemica,,Open,3,,,,,
Polygonaceae,Fallopia convolvulus (L.) Á. Löve*,Fallopia convolvulus,,Open,2,,,,,
Polygonaceae,Fallopia japonica (Houtt.) Ronse Decr.*,Reynoutria japonica,,Open,2,,,,,
Polygonaceae,Persicaria amphibia (L.) Gray,Persicaria amphibia,,Wetland,5,,,,,
Polygonaceae,Persicaria hydropiper (L.) Spach*,Persicaria hydropiper,,Wetland,1,,,,,
Polygonaceae,Persicaria maculosa Gray*,Persicaria maculosa,,Open,2,,,,,
Polygonaceae,Polygonum aviculare L.*,Polygonum aviculare,"ssp. aviculare, ssp.buxiforme, ssp. depressum",Shoreline,56,,,,,
Polygonaceae,Polygonum douglasii Greene,Polygonum douglasii,,Shoreline,4,,,,,
Polygonaceae,Polygonum erectum L.,Polygonum erectum,,Shoreline,1,,,,,
Polygonaceae,Polygonum fowleri B.L. Rob.,Polygonum fowleri fowleri,ssp. fowleri,Shoreline,6,,,,,
Polygonaceae,Polygonum minimum S. Watson,Polygonum minimum,,Open,1,,,,,
Polygonaceae,Polygonum nuttallii Small,Polygonum nuttallii,,Open,2,,,,,
Polygonaceae,Polygonum paronychia Cham. & Schltdl.,Polygonum paronychia,,Shoreline,1,,,,,
Polygonaceae,Polygonum spergulariiforme Meisn. ex Small,Polygonum spergulariiforme,,Shoreline,68,,,,,
Polygonaceae,Rumex acetosella L.*,Rumex acetosella,,Open,78,,,,,
Polygonaceae,Rumex conglomeratus Murray*,Rumex conglomeratus,,Shoreline,6,,,,,
Polygonaceae,Rumex crispus L.*,Rumex crispus,,Shoreline,28,,,,,
Polygonaceae,Rumex maritimus L.,Rumex fueginus,ssp. fueginus,Shoreline,3,,,,,
Polygonaceae,Rumex obtusifolius L.*,Rumex obtusifolius,,Shoreline,5,,,,,
Polygonaceae,Rumex occidentalis S. Watson,Rumex occidentalis,var. occidentalis,Shoreline,11,,,,,
Polygonaceae,Rumex salicifolius Weinm.,Rumex salicifolius,"var. transitorius, var. triangulivalvis",Shoreline,22,,,,,
Polypodiaceae,Polypodium amorphum Suksd.,Polypodium amorphum,,Forest,3,,,,,
Polypodiaceae,Polypodium glycyrrhiza D.C. Eaton,Polypodium glycyrrhiza,,Open,86,,,,,
Potamogetonaceae,Potamogeton amplifolius Tuck.,Potamogeton amplifolius,,Wetland,2,,,,,
Potamogetonaceae,Potamogeton berchtoldii Fieber,Potamogeton berchtoldii,,Wetland,1,,,,,
Potamogetonaceae,Potamogeton crispus L.*,Potamogeton crispus,,Wetland,1,,,,,
Potamogetonaceae,Potamogeton epihydrus Raf.,Potamogeton epihydrus,,Wetland,2,,,,,
Potamogetonaceae,Potamogeton foliosus Raf.,Potamogeton foliosus,,Wetland,3,,,,,
Potamogetonaceae,Potamogeton friesii Rupr.,Potamogeton friesii,,Wetland,2,,,,,
Potamogetonaceae,Potamogeton gramineus L.,Potamogeton gramineus,,Wetland,3,,,,,
Potamogetonaceae,Potamogeton illinoensis Morong,Potamogeton illinoensis,,Wetland,1,,,,,
Potamogetonaceae,Potamogeton natans L.,Potamogeton natans,,Wetland,4,,,,,
Potamogetonaceae,Potamogeton obtusifolius Mertens & W.D.J. Koch,Potamogeton obtusifolius,,Wetland,2,,,,,
Potamogetonaceae,Potamogeton praelongus Wulfen,Potamogeton praelongus,,Wetland,4,,,,,
Potamogetonaceae,Potamogeton pusillus L.,Potamogeton pusillus,,Wetland,1,,,,,
Potamogetonaceae,Potamogeton richardsonii (A. Benn.) Rydb.,Potamogeton richardsonii,,Wetland,2,,,,,
Potamogetonaceae,Potamogeton robbinsii Oakes,Potamogeton robbinsii,,Wetland,2,,,,,
Potamogetonaceae,Potamogeton zosteriformis Fernald,Potamogeton zosteriformis,,Wetland,4,,,,,
Potamogetonaceae,Stuckenia pectinata (L.) Borner,Stuckenia pectinata,,Wetland,2,,,,,
Primulaceae,Cyclamen hederifolium Aiton*,Cyclamen hederifolium,,Forest,1,,,,,
Primulaceae,Dodecatheon hendersonii A. Gray,Primula hendersonii,,Open,3,,,,,
Primulaceae,Dodecatheon pulchellum (Raf.) Merr.,Primula pauciflora,var. pulchellum,Open,18,,,,,
Primulaceae,Lysimachia arvensis (L.) U. Manns & Anderb.*,Lysimachia arvensis,,Open,6,,,,,
Primulaceae,Lysimachia europaea (L.) U. Manns & Anderb.,Lysimachia europaea,,Forest,4,,,,,
Primulaceae,Lysimachia latifolia (Hook.) Cholewa,Lysimachia latifolia,,Forest,36,,,,,
Primulaceae,"Lysimachia maritima (L.) Galasso, Banfi & Soldano",Lysimachia maritima,,Forest,2,,,,,
Primulaceae,Lysimachia nummularia L.*,Lysimachia nummularia,,Forest,1,,,,,
Primulaceae,Lysimachia thyrsiflora L.,Lysimachia thyrsiflora,,Forest,2,,,,,
Pteridaceae,Adiantum aleuticum (Rupr.) Paris,Adiantum aleuticum aleuticum,var. aleuticum,Forest,5,,,,,
Pteridaceae,Aspidotis densa (Brack.) Lellinger,Aspidotis densa,,Open,7,,,,,
Pteridaceae,Cryptogramma acrostichoides R. Br.,Cryptogramma acrostichoides,,Forest,4,,,,,
Pteridaceae,"Pentagramma triangularis (Kaulf.) Yatsk., Windham & E. Wollenw.",Pentagramma triangularis,,Forest,17,,,,,
Ranunculaceae,Anemone lyallii Britton,Anemonoides grayi,,Open,2,,,,,
Ranunculaceae,Aquilegia formosa Fisch. ex DC.,Aquilegia formosa,var. formosa,Open,7,,,,,
Ranunculaceae,Aquilegia vulgaris L.*,Aquilegia vulgaris,,Open,3,,,,,
Ranunculaceae,Clematis vitalba L.*,Clematis vitalba,,Open,4,,,,,
Ranunculaceae,Delphinium consolida L.*,Consolida regalis,,Open,1,,,,,
Ranunculaceae,Delphinium menziesii DC.,Delphinium menziesii,,Open,12,,,,,
Ranunculaceae,Ficaria verna Huds.*,Ficaria verna,,Open,2,,,,,
Ranunculaceae,Halerpestes cymbalaria (Pursh) Greene,Halerpestes cymbalaria,,Shoreline,2,,,,,
Ranunculaceae,Helleborus foetidus L.*,Helleborus foetidus,,Forest,2,,,,,
Ranunculaceae,Myosurus minimus L.,Myosurus minimus,,Open,28,,,,,
Ranunculaceae,Ranunculus acris L.*,Ranunculus acris,,Open,4,,,,,
Ranunculaceae,Ranunculus aquatilis L.,Ranunculus trichophyllus,var. diffusus,Wetland,2,,,,,
Ranunculaceae,Ranunculus californicus Benth.,Ranunculus californicus,,Open,10,,,,,
Ranunculaceae,Ranunculus californicus x R. occidentalis ,Ranunculus californicus,,Open,8,,,,,
Ranunculaceae,Ranunculus flammula L.,Ranunculus flammula,"var. ovalis, var. reptans",Wetland,3,,,,,
Ranunculaceae,Ranunculus macounii Britton,Ranunculus macounii,,Wetland,2,,,,,
Ranunculaceae,Ranunculus occidentalis Nutt.,Ranunculus occidentalis occidentalis,var. occidentalis,Open,52,,,,,
Ranunculaceae,Ranunculus repens L.*,Ranunculus repens,,Open,8,,,,,
Ranunculaceae,Ranunculus sardous Crantz*,Ranunculus sardous,,Open,1,,,,,
Ranunculaceae,Ranunculus sceleratus L.,Ranunculus sceleratus multifidus,var. multifidus,Wetland,2,,,,,
Ranunculaceae,Ranunculus uncinatus D. Don,Ranunculus uncinatus,,Forest,12,,,,,
Rhamnaceae,Frangula purshiana (DC.) A. Gray ex J.G. Cooper,Frangula purshiana,,Forest,3,,,,,
Rosaceae,Amelanchier alnifolia (Nutt.) Nutt. ex M. Roem.,Amelanchier alnifolia semiintegrifolia,,Forest,77,,,,,
Rosaceae,Aphanes arvensis L.*,Alchemilla arvensis,,Open,22,,,,,
Rosaceae,Aphanes australis Rydb.*,Alchemilla australis,,Open,40,,,,,
Rosaceae,Aphanes occidentalis (Nutt.) Rydb.,Alchemilla arvensis,,Open,42,,,,,
Rosaceae,Comarum palustre L.,Comarum palustre,,Wetland,3,,,,,
Rosaceae,Cotoneaster dielsianus E. Pritz. ex Diels*,Cotoneaster dielsianus,,Open,4,,,,,
Rosaceae,Cotoneaster franchetii Bois*,Cotoneaster franchetii,,Open,3,,,,,
Rosaceae,Cotoneaster horizontalis Decne.*,Cotoneaster horizontalis,,Open,6,,,,,
Rosaceae,Cotoneaster lacteus W.W. Sm.*,Cotoneaster coriaceus,,Open,1,,,,,
Rosaceae,Cotoneaster rehderi Pojark.*,Cotoneaster rehderi,,Open,1,,,,,
Rosaceae,Cotoneaster simonsii Baker*,Cotoneaster simonsii,,Open,3,,,,,
Rosaceae,Crataegus douglasii Lindl.,Crataegus douglasii,,Forest,4,,,,,
Rosaceae,Crataegus gaylussacia A. Heller,Crataegus gaylussacia,,Forest,2,,,,,
Rosaceae,Crataegus monogyna Jacq.*,Crataegus monogyna,var. monogyna,Open,20,,,,,
Rosaceae,Drymocallis glandulosa (Lindl.) Rydb.,Drymocallis glandulosa glandulosa,ssp. glandulosa,Open,1,,,,,
Rosaceae,Fragaria chiloensis (L.) Mill.,Fragaria chiloensis,,Shoreline,6,,,,,
Rosaceae,Fragaria vesca L.,Fragaria vesca californica,ssp. californica,Forest,31,,,,,
Rosaceae,Fragaria virginiana Mill.,Fragaria virginiana glauca,ssp. glauca,Open,35,,,,,
Rosaceae,Geum macrophyllum Willd.,Geum macrophyllum,,Forest,13,,,,,
Rosaceae,Holodiscus discolor (Pursh) Maxim.,Holodiscus discolor discolor,var. discolor,Forest,76,,,,,
Rosaceae,Malus × dawsoniana Rehder.*,Malus × dawsoniana,,Open,1,,,,,
Rosaceae,Malus domestica (Suckow) Borkh.*,Malus domestica,,Open,17,,,,,
Rosaceae,Malus fusca (Raf.) C.K. Schneid.,Malus fusca,,Forest,42,,,,,
Rosaceae,Oemleria cerasiformis (Torr. & A. Gray ex Hook. & Arn.) J.W. Landon,Oemleria cerasiformis,,Forest,7,,,,,
Rosaceae,Physocarpus capitatus (Pursh) Kuntze,Physocarpus capitatus,,Forest,3,,,,,
Rosaceae,Potentilla anserina L.,Argentina anserina,"ssp. anserina, ssp. pacifica",Wetland,24,,,,,
Rosaceae,Potentilla argentea L.,Potentilla argentea,,Open,1,,,,,
Rosaceae,Potentilla gracilis Douglas ex Hook.,Potentilla gracilis,,Open,1,,,,,
Rosaceae,Potentilla recta L.*,Potentilla recta,,Open,2,,,,,
Rosaceae,Poterium sanguisorba L.*,Sanguisorba minor,var. polygamum,Open,1,,,,,
Rosaceae,Prunus avium (L.) L.*,Prunus avium,,Open,10,,,,,
Rosaceae,Prunus cerasifera Ehrh.*,Prunus cerasifera,,Open,7,,,,,
Rosaceae,Prunus cerasus L.*,Prunus cerasus,,Open,3,,,,,
Rosaceae,Prunus domestica L.*,Prunus domestica,,Open,6,,,,,
Rosaceae,Prunus emarginata (Douglas) Eaton,Prunus emarginata,,Forest,39,,,,,
Rosaceae,Prunus laurocerasus L.*,Prunus laurocerasus,,Open,2,,,,,
Rosaceae,Prunus lusitanica L.*,Prunus lusitanica,,Open,1,,,,,
Rosaceae,Prunus mahaleb L.*,Prunus mahaleb,,Open,6,,,,,
Rosaceae,Prunus pugetensis Jacobson & Zika*,Prunus × pugetensis,,Open,1,,,,,
Rosaceae,Prunus virginiana L.,Prunus virginiana,,Forest,10,,,,,
Rosaceae,Pyracantha coccinea M. Roem.*,Pyracantha coccinea,,Open,2,,,,,
Rosaceae,Pyrus communis L.*,Pyrus communis,,Open,9,,,,,
Rosaceae,Pyrus nivalis Jacq.*,Pyrus nivalis,,Open,1,,,,,
Rosaceae,Rosa canina L.*,Rosa canina,,Open,2,,,,,
Rosaceae,Rosa gymnocarpa Nutt.,Rosa gymnocarpa gymnocarpa,ssp. gymnocarpa,Forest,38,,,,,
Rosaceae,Rosa nutkana C. Presl,Rosa nutkana nutkana,ssp. nutkana,Open,106,,,,,
Rosaceae,Rosa pisocarpa A. Gray,Rosa pisocarpa pisocarpa,var. pisocarpa,Forest,2,,,,,
Rosaceae,Rosa rubiginosa L.*,Rosa rubiginosa,,Open,7,,,,,
Rosaceae,Rosa rugosa Thunb.*,Rosa rugosa,,Open,2,,,,,
Rosaceae,Rubus bifrons Vest*,Rubus bifrons,,Open,41,,,,,
Rosaceae,Rubus laciniatus Willd.*,Rubus laciniatus,,Open,14,,,,,
Rosaceae,Rubus leucodermis Douglas ex Torr. & A. Gray,Rubus leucodermis,,Forest,13,,,,,
Rosaceae,Rubus nutkanus Moc. ex Ser.,Rubus parviflorus,,Forest,19,,,,,
Rosaceae,Rubus spectabilis Pursh,Rubus spectabilis,,Forest,20,,,,,
Rosaceae,Rubus ursinus Cham. & Schltdl.,Rubus ursinus,,Open,82,,,,,
Rosaceae,Sorbaria kirilowii (Regel) Maxim.*,Sorbaria kirilowii,,Forest,1,,,,,
Rosaceae,Sorbus aucuparia L.*,Sorbus aucuparia,,Open,9,,,,,
Rosaceae,Sorbus hybrida L.*,Hedlundia hybrida,,Open,1,,,,,
Rosaceae,Sorbus intermedia (Ehrh.) Pers.*,Scandosorbus intermedia,,Open,7,,,,,
Rosaceae,Spiraea douglasii Hook.,Spiraea douglasii,,Wetland,8,,,,,
Rubiaceae,Galium aparine L.,Galium aparine,,Forest,95,,,,,
Rubiaceae,Galium boreale L.,Galium boreale,,Forest,2,,,,,
Rubiaceae,Galium divaricatum Pourr. ex Lam.*,Galium divaricatum,,Open,2,,,,,
Rubiaceae,Galium murale (L.) All.*,Galium murale,,Open,2,,,,,
Rubiaceae,Galium odoratum (L.) Scop.*,Galium odoratum,,Forest,3,,,,,
Rubiaceae,Galium palustre L.,Galium palustre,,Forest,2,,,,,
Rubiaceae,Galium trifidum L.,Galium trifidum,,Forest,5,,,,,
Rubiaceae,Galium triflorum Michx.,Galium triflorum,,Forest,18,,,,,
Rubiaceae,Sherardia arvensis L.*,Sherardia arvensis,,Open,8,,,,,
Ruppiaceae,Ruppia maritima L.,Ruppia maritima,,Shoreline,3,,,,,
Salicaceae,Populus alba L.*,Populus alba,,Open,2,,,,,
Salicaceae,Populus tremuloides Michx.,Populus tremuloides,,Forest,8,,,,,
Salicaceae,Populus trichocarpa Torr. & A. Gray,Populus trichocarpa,,Forest,7,,,,,
Salicaceae,Salix geyeriana Andersson,Salix geyeriana,,Wetland,1,,,,,
Salicaceae,Salix hookeriana Barratt ex Hook.,Salix hookeriana,,Wetland,8,,,,,
Salicaceae,Salix lasiandra Benth.,Salix lasiandra lasiandra,var. lasiandra,Wetland,10,,,,,
Salicaceae,Salix prolixa Andersson,Salix prolixa,,Wetland,2,,,,,
Salicaceae,Salix scouleriana Barratt ex Hook.,Salix scouleriana,,Forest,47,,,,,
Salicaceae,Salix sitchensis Sanson ex Bong.,Salix sitchensis,,Wetland,7,,,,,
Santalaceae,Arceuthobium tsugense (Rosend.) G.N. Jones,Arceuthobium tsugense contortae,ssp. contortae,Forest,3,,,,,
Sapindaceae,Acer glabrum Torr.,Acer glabrum douglasii,ssp. douglasii,Forest,22,,,,,
Sapindaceae,Acer macrophyllum Pursh,Acer macrophyllum,,Forest,24,,,,,
Saxifragaceae,Heuchera micrantha Douglas ex Lindl.,Heuchera micrantha diversifolia,var. diversifolia,Forest,75,,,,,
Saxifragaceae,Lithophragma glabrum Nutt.,Lithophragma glabrum,,Open,2,,,,,
Saxifragaceae,Lithophragma parviflorum (Hook.) Nutt.,Lithophragma parviflorum,,Open,40,,,,,
Saxifragaceae,Micranthes integrifolia (Hook.) Small,Micranthes integrifolia,,Open,19,,,,,
Saxifragaceae,Micranthes rufidula Small,Micranthes rufidula,,Open,1,,,,,
Saxifragaceae,Saxifraga austromontana Wiegand,Saxifraga bronchialis austromontana,,Open,4,,,,,
Saxifragaceae,Saxifraga cespitosa L.,Saxifraga cespitosa,,Shoreline,42,,,,,
Saxifragaceae,Tellima grandiflora (Pursh) Douglas ex Lindl.,Tellima grandiflora,,Forest,18,,,,,
Saxifragaceae,Tiarella trifoliata L.,Tiarella trifoliata,"var. laciniata, var.  trifoliata, var. unifoliata",Forest,11,,,,,
Scrophulariaceae,Buddleja davidii Franch.*,Buddleja davidii,,Open,1,,,,,
Scrophulariaceae,Verbascum blattaria L.*,Verbascum blattaria,,Open,1,,,,,
Scrophulariaceae,Verbascum thapsus L.*,Verbascum thapsus,,Open,10,,,,,
Selaginellaceae,Selaginella wallacei Hieron.,Selaginella wallacei,,Open,78,,,,,
Solanaceae,Solanum americanum Mill.,Solanum americanum,,Open,1,,,,,
Solanaceae,Solanum dulcamara L.*,Solanum dulcamara,,Open,5,,,,,
Solanaceae,Solanum physalifolium Rusby*,Solanum physalifolium,,Open,1,,,,,
Solanaceae,Solanum triflorum Nutt.*,Solanum triflorum,,Open,1,,,,,
Taxaceae,Taxus brevifolia Nutt.,Taxus brevifolia,,Forest,30,,,,,
Thymelaeaceae,Daphne laureola L.*,Daphne laureola,,Open,13,,,,,
Typhaceae,Sparganium angustifolium Michx.,Sparganium angustifolium,,Wetland,4,,,,,
Typhaceae,Sparganium emersum Rehmann,Sparganium emersum,,Wetland,2,,,,,
Typhaceae,Sparganium eurycarpum Engelm.,Sparganium eurycarpum,,Wetland,1,,,,,
Typhaceae,Typha angustifolia L.*,Typha angustifolia,,Wetland,3,,,,,
Typhaceae,Typha latifolia L.,Typha latifolia,,Wetland,9,,,,,
Ulmaceae,Ulmus procera Salisb.*,Ulmus minor,,Forest,3,,,,,
Urticaceae,Urtica dioica L.,Urtica gracilis,ssp. gracilis,Forest,38,,,,,
Urticaceae,Urtica urens L.*,Urtica urens,,Open,1,,,,,
Viburnaceae,Sambucus cerulea Raf.,Sambucus cerulea,,Forest,1,,,,,
Viburnaceae,Sambucus racemosa L.,Sambucus racemosa arborescens,var. arborescens,Forest,50,,,,,
Violaceae,Viola adunca Sm.,Viola adunca,,Open,3,,,,,
Violaceae,Viola glabella Nutt.,Viola glabella,,Forest,2,,,,,
Violaceae,Viola howellii A. Gray,Viola howellii,,Forest,2,,,,,
Violaceae,Viola langsdorffii Fisch. ex Ging.,Viola langsdorffii,,Wetland,1,,,,,
Violaceae,Viola macloskeyi F.E. Lloyd,Viola macloskeyi,,Wetland,1,,,,,
Violaceae,Viola odorata L.*,Viola odorata,,Forest,1,,,,,
Violaceae,Viola palustris L.,Viola palustris,,Wetland,1,,,,,
Violaceae,Viola sempervirens Greene,Viola sempervirens,,Forest,2,,,,,
Vitaceae,Vitis labrusca L.*,Vitis labrusca,,Forest,2,,,,,
Vitaceae,Vitis vinifera L.*,Vitis vinifera,,Open,1,,,,,
Woodsiaceae,Woodsia oregana D.C. Eaton,Woodsia oregana oregana,ssp. oregana,Forest,1,,,,,
Woodsiaceae,Woodsia scopulina D.C. Eaton,Woodsia scopulina,"ssp. laurentiana, ssp. scopulina",Forest,3,,,,,